Endereço	galpao	Local	Nível	Posição	LP/Série	Código	Descrição	Cen	Dep	Status	Qtde
C1A01	1	C1	A	1	169146	397134	TRANSFORMADOR DISTR TRIF 300KVA	11	15	DEPS	1
C1B01	1	C1	B	1	-	-	-	-	-	-	-
C1C01	1	C1	C	1	174593	397973	TRANSFORMADOR DISTR TRIF 75,0KVA	11	15	DEPS	1
C1A02	1	C1	A	2	165198	397033	TRANSFORMADOR DISTR TRIF 225KVA	11	15	DEPS	1
C1B02	1	C1	B	2	159260	397968	TRANSFORMADOR DISTR MONOF 75,0KVA	11	15	DEPS	1
C1C02	1	C1	C	2	164009	397968	TRANSFORMADOR DISTR MONOF 75,0KVA	11	15	DEPS MONT	1
C1A03	1	C1	A	3	146965	397143	TRANSFORMADOR DISTR TRIF 45,0KVA 6/13KV	11	15	DEPS	1
C1B03	1	C1	B	3	152917	397973	TRANSFORMADOR DISTR TRIF 75,0KVA	11	15	DEPS	1
C1C03	1	C1	C	3	163595	397973	TRANSFORMADOR DISTR TRIF 75,0KVA	11	15	DEPS	1
C1A04	1	C1	A	4	151461	397144	TRANSFORMADOR DISTR TRIF 75,0KVA 6/13KV	11	15	DEPS	1
C1B04	1	C1	B	4	166026	397972	TRANSFORMADOR DISTR TRIF 45,0KVA	11	15	DEPS MONT	1
C1B04	1	C1	B	4	132035	Verificar	Verificar	Verificar	Verificar	Verificar	1
C1C04	1	C1	C	4	168245	397974	TRANSFORMADOR DISTR TRIF 112,5KVA	11	15	DEPS	1
C1A05	1	C1	A	5	169658	397001	TRANSFORMADOR DISTR TRIF 150,0KVA	11	15	DEPS	1
C1B05	1	C1	B	5	152016	397024	TRANSFORMADOR DISTR TRIF 112,5KVA AP BL	11	15	DEPS	1
C1C05	1	C1	C	5	119370	Verificar	Verificar	Verificar	Verificar	Verificar	1
C1A06	1	C1	A	6	149332	397974	TRANSFORMADOR DISTR TRIF 112,5KVA	11	15	DEPS MONT	1
C1B06	1	C1	B	6	146191	397976	TRANSFORMADOR DISTR TRIF 75,0KVA AP	11	15	DEPS	1
C1C06	1	C1	C	6	159423	397972	TRANSFORMADOR DISTR TRIF 45,0KVA	11	15	DEPS MONT	1
C1A07	1	C1	A	7	161890	397033	TRANSFORMADOR DISTR TRIF 225KVA	11	15	DEPS MONT	1
C1B07	1	C1	B	7	169813	397974	TRANSFORMADOR DISTR TRIF 112,5KVA	11	15	DEPS	1
C1C07	1	C1	C	7	170064	397970	TRANSFORMADOR DISTR TRIF 15KVA	11	15	DEPS	1
C1A08	1	C1	A	8	150177	397024	TRANSFORMADOR DISTR TRIF 112,5KVA AP BL	11	15	DEPS	1
C1B08	1	C1	B	8	163601	397973	TRANSFORMADOR DISTR TRIF 75,0KVA	11	15	DEPS	1
C1C08	1	C1	C	8	161267	397972	TRANSFORMADOR DISTR TRIF 45,0KVA	11	15	DEPS MONT	1
C1A09	1	C1	A	9	165732	397134	TRANSFORMADOR DISTR TRIF 300KVA	11	15	DEPS	1
C1B09	1	C1	B	9	163120	397976	TRANSFORMADOR DISTR TRIF 75,0KVA AP	11	15	DEPS	1
C1C09	1	C1	C	9	173465	397972	TRANSFORMADOR DISTR TRIF 45,0KVA	11	15	DEPS	1
C1A10	1	C1	A	10	161913	397033	TRANSFORMADOR DISTR TRIF 225KVA	11	15	DEPS	1
C1B10	1	C1	B	10	175113	397976	TRANSFORMADOR DISTR TRIF 75,0KVA AP	11	15	DEPS	1
C1C10	1	C1	C	10	166010	397972	TRANSFORMADOR DISTR TRIF 45,0KVA	11	15	DEPS	1
C1A11	1	C1	A	11	165601	397033	TRANSFORMADOR DISTR TRIF 225KVA	11	15	DEPS	1
C1B11	1	C1	B	11	171450	397022	TRANSFORMADOR DISTR TRIF 45,0KVA AP BL	11	15	DEPS	1
C1C11	1	C1	C	11	170729	397972	TRANSFORMADOR DISTR TRIF 45,0KVA	11	15	DEPS	1
C1A12	1	C1	A	12	165782	Verificar	Verificar	Verificar	Verificar	Verificar	1
C1B12	1	C1	B	12	168262	397974	TRANSFORMADOR DISTR TRIF 112,5KVA	11	15	DEPS	1
C1C12	1	C1	C	12	172422	397973	TRANSFORMADOR DISTR TRIF 75,0KVA	11	15	DEPS MONT	1
C1A13	1	C1	A	13	136294	Verificar	Verificar	Verificar	Verificar	Verificar	1
C1B13	1	C1	B	13	150777	397977	TRANSFORMADOR DISTR TRIF 112,5KVA AP	11	15	DEPS	1
C1C13	1	C1	C	13	173249	397147	TRANSFORMADOR DISTR MONOF 50,0KVA ISOL	11	15	DEPS	1
C1A14	1	C1	A	14	161743	397001	TRANSFORMADOR DISTR TRIF 150,0KVA	11	15	DEPS	1
C1B14	1	C1	B	14	166374	397972	TRANSFORMADOR DISTR TRIF 45,0KVA	11	15	DEPS	1
C1C14	1	C1	C	14	169770	397972	TRANSFORMADOR DISTR TRIF 45,0KVA	11	15	DEPS	1
C1A15	1	C1	A	15	151462	397144	TRANSFORMADOR DISTR TRIF 75,0KVA 6/13KV	11	15	DEPS MONT	1
C1B15	1	C1	B	15	140496	397001	TRANSFORMADOR DISTR TRIF 150,0KVA	11	15	DEPS	1
C1C15	1	C1	C	15	168463	397972	TRANSFORMADOR DISTR TRIF 45,0KVA	11	15	DEPS	1
C1A16	1	C1	A	16	139539	397969	TRANSFORMADOR DISTR MONOF 100,0KVA	11	15	DEPS	1
C1B16	1	C1	B	16	169092	397001	TRANSFORMADOR DISTR TRIF 150,0KVA	11	15	DEPS	1
C1C16	1	C1	C	16	150389	397977	TRANSFORMADOR DISTR TRIF 112,5KVA AP	11	15	DEPS	1
C1A17	1	C1	A	17	151368	397144	TRANSFORMADOR DISTR TRIF 75,0KVA 6/13KV	11	15	DEPS MONT	1
C1B17	1	C1	B	17	139684	397974	TRANSFORMADOR DISTR TRIF 112,5KVA	11	15	DEPS	1
C1C17	1	C1	C	17	172406	397972	TRANSFORMADOR DISTR TRIF 45,0KVA	11	15	DEPS	1
C1A18	1	C1	A	18	164547	397033	TRANSFORMADOR DISTR TRIF 225KVA	11	15	DEPS	1
C1B18	1	C1	B	18	166915	397976	TRANSFORMADOR DISTR TRIF 75,0KVA AP	11	15	DEPS	1
C1C18	1	C1	C	18	166869	397974	TRANSFORMADOR DISTR TRIF 112,5KVA	11	15	DEPS	1
C1A19	1	C1	A	19	170513	397134	TRANSFORMADOR DISTR TRIF 300KVA	11	15	DEPS	1
C1B19	1	C1	B	19	166151	397977	TRANSFORMADOR DISTR TRIF 112,5KVA AP	11	15	DEPS	1
C1C19	1	C1	C	19	170730	397972	TRANSFORMADOR DISTR TRIF 45,0KVA	11	15	DEPS	1
C1A20	1	C1	A	20	166687	397033	TRANSFORMADOR DISTR TRIF 225KVA	11	15	DEPS	1
C1B20	1	C1	B	20	170715	397972	TRANSFORMADOR DISTR TRIF 45,0KVA	11	15	DEPS	1
C1C20	1	C1	C	20	169312	397973	TRANSFORMADOR DISTR TRIF 75,0KVA	11	15	DEPS	1
C1A21	1	C1	A	21	169465	397001	TRANSFORMADOR DISTR TRIF 150,0KVA	11	15	DEPS	1
C1B21	1	C1	B	21	168542	397974	TRANSFORMADOR DISTR TRIF 112,5KVA	11	15	DEPS	1
C1C21	1	C1	C	21	166796	397972	TRANSFORMADOR DISTR TRIF 45,0KVA	11	15	DEPS	1
C1A22	1	C1	A	22	160748	397974	TRANSFORMADOR DISTR TRIF 112,5KVA	11	15	DEPS MONT	1
C1B22	1	C1	B	22	166886	Verificar	Verificar	Verificar	Verificar	Verificar	1
C1C22	1	C1	C	22	168185	397972	TRANSFORMADOR DISTR TRIF 45,0KVA	11	15	DEPS	1
C1A23	1	C1	A	23	166201	Verificar	Verificar	Verificar	Verificar	Verificar	1
C1B23	1	C1	B	23	164857	334975	TRANSFORMADOR DISTR TRIF 45,0KVA AP	11	15	DEPS	1
C1C23	1	C1	C	23	163509	Verificar	Verificar	Verificar	Verificar	Verificar	1
C1C23	1	C1	C	23	163508	Verificar	Verificar	Verificar	Verificar	Verificar	1
C1A24	1	C1	A	24	139536	397969	TRANSFORMADOR DISTR MONOF 100,0KVA	11	15	DEPS	1
C1B24	1	C1	B	24	171924	397972	TRANSFORMADOR DISTR TRIF 45,0KVA	11	15	DEPS	1
C1C24	1	C1	C	24	140563	397972	TRANSFORMADOR DISTR TRIF 45,0KVA	11	15	DEPS	1
C1A25	1	C1	A	25	167993	397033	TRANSFORMADOR DISTR TRIF 225KVA	11	15	DEPS	1
C1B25	1	C1	B	25	169785	397972	TRANSFORMADOR DISTR TRIF 45,0KVA	11	15	DEPS	1
C1C25	1	C1	C	25	160441	397141	TRANSFORMADOR DISTR TRIF 15,0KVA 6/13KV	11	15	DEPS	1
C1A26	1	C1	A	26	166194	397134	TRANSFORMADOR DISTR TRIF 300KVA	11	15	DEPS	1
C1B26	1	C1	B	26	169761	397972	TRANSFORMADOR DISTR TRIF 45,0KVA	11	15	DEPS	1
C1C26	1	C1	C	26	159425	397972	TRANSFORMADOR DISTR TRIF 45,0KVA	11	15	DEPS	1
C1A27	1	C1	A	27	144807	397969	TRANSFORMADOR DISTR MONOF 100,0KVA	11	15	DEPS	1
C1B27	1	C1	B	27	171929	397972	TRANSFORMADOR DISTR TRIF 45,0KVA	11	15	DEPS	1
C1C27	1	C1	C	27	135652	397972	TRANSFORMADOR DISTR TRIF 45,0KVA	11	15	DEPS	1
C1A28	1	C1	A	28	162961	Verificar	Verificar	Verificar	Verificar	Verificar	1
C1B28	1	C1	B	28	161460	397141	TRANSFORMADOR DISTR TRIF 15,0KVA 6/13KV	11	15	DEPS MONT	1
C1C28	1	C1	C	28	168152	397970	TRANSFORMADOR DISTR TRIF 15KVA	11	15	DEPS	1
C1A29	1	C1	A	29	160682	Verificar	Verificar	Verificar	Verificar	Verificar	1
C1B29	1	C1	B	29	153813	397972	TRANSFORMADOR DISTR TRIF 45,0KVA	11	15	DEPS MONT	1
C1C29	1	C1	C	29	159324	397146	TRANSFORMADOR DISTR MONOF 25,0KVA ISOL	11	15	DEPS MONT	1
C1C29	1	C1	C	29	162276	Verificar	Verificar	Verificar	Verificar	Verificar	1
C1A30	1	C1	A	30	166641	397033	TRANSFORMADOR DISTR TRIF 225KVA	11	15	DEPS	1
C1B30	1	C1	B	30	172409	397972	TRANSFORMADOR DISTR TRIF 45,0KVA	11	15	DEPS	1
C1C30	1	C1	C	30	170723	397972	TRANSFORMADOR DISTR TRIF 45,0KVA	11	15	DEPS	1
C1A31	1	C1	A	31	163898	397134	TRANSFORMADOR DISTR TRIF 300KVA	11	15	DEPS MONT	1
C1B31	1	C1	B	31	162037	397973	TRANSFORMADOR DISTR TRIF 75,0KVA	11	15	DEPS	1
C1C31	1	C1	C	31	166004	397972	TRANSFORMADOR DISTR TRIF 45,0KVA	11	15	DEPS	1
C1A32	1	C1	A	32	163911	397134	TRANSFORMADOR DISTR TRIF 300KVA	11	15	DEPS	1
C1B32	1	C1	B	32	166305	397145	TRANSFORMADOR DISTR TRIF 112,5KVA 6/13KV	11	15	DEPS	1
C1C32	1	C1	C	32	165959	397144	TRANSFORMADOR DISTR TRIF 75,0KVA 6/13KV	11	15	DEPS	1
C1A33	1	C1	A	33	160753	397974	TRANSFORMADOR DISTR TRIF 112,5KVA	11	15	DEPS MONT	1
C1B33	1	C1	B	33	139066	397973	TRANSFORMADOR DISTR TRIF 75,0KVA	11	15	DEPS	1
C1C33	1	C1	C	33	170727	397972	TRANSFORMADOR DISTR TRIF 45,0KVA	11	15	DEPS	1
C1A34	1	C1	A	34	164580	397033	TRANSFORMADOR DISTR TRIF 225KVA	11	15	DEPS MONT	1
C1B34	1	C1	B	34	168637	397001	TRANSFORMADOR DISTR TRIF 150,0KVA	11	15	DEPS	1
C1C34	1	C1	C	34	169771	397972	TRANSFORMADOR DISTR TRIF 45,0KVA	11	15	DEPS	1
C1A35	1	C1	A	35	148410	397024	TRANSFORMADOR DISTR TRIF 112,5KVA AP BL	11	15	DEPS	1
C1B35	1	C1	B	35	149698	397974	TRANSFORMADOR DISTR TRIF 112,5KVA	11	15	DEPS	1
C1C35	1	C1	C	35	168897	Verificar	Verificar	Verificar	Verificar	Verificar	1
C1A36	1	C1	A	36	163900	397134	TRANSFORMADOR DISTR TRIF 300KVA	11	15	DEPS	1
C1B36	1	C1	B	36	169694	397024	TRANSFORMADOR DISTR TRIF 112,5KVA AP BL	11	15	DEPS	1
C1C36	1	C1	C	36	170116	397973	TRANSFORMADOR DISTR TRIF 75,0KVA	11	15	DEPS	1
C1A37	1	C1	A	37	147342	397977	TRANSFORMADOR DISTR TRIF 112,5KVA AP	11	15	DEPS	1
C1B37	1	C1	B	37	148673	397973	TRANSFORMADOR DISTR TRIF 75,0KVA	11	15	DEPS	1
C1C37	1	C1	C	37	168890	397972	TRANSFORMADOR DISTR TRIF 45,0KVA	11	15	DEPS	1
C1A38	1	C1	A	38	162492	397977	TRANSFORMADOR DISTR TRIF 112,5KVA AP	11	15	DEPS	1
C1B38	1	C1	B	38	140800	397969	TRANSFORMADOR DISTR MONOF 100,0KVA	11	15	DEPS	1
C1C38	1	C1	C	38	168849	Verificar	Verificar	Verificar	Verificar	Verificar	1
C1A39	1	C1	A	39	165217	397033	TRANSFORMADOR DISTR TRIF 225KVA	11	15	DEPS	1
C1B39	1	C1	B	39	147410	397024	TRANSFORMADOR DISTR TRIF 112,5KVA AP BL	11	15	DEPS	1
C1C39	1	C1	C	39	157036	397972	TRANSFORMADOR DISTR TRIF 45,0KVA	11	15	DEPS	1
C1A40	1	C1	A	40	163607	Verificar	Verificar	Verificar	Verificar	Verificar	1
C1B40	1	C1	B	40	153821	397972	TRANSFORMADOR DISTR TRIF 45,0KVA	11	15	DEPS	1
C1C40	1	C1	C	40	171921	397972	TRANSFORMADOR DISTR TRIF 45,0KVA	11	15	DEPS MONT	1
C1A41	1	C1	A	41	149749	397974	TRANSFORMADOR DISTR TRIF 112,5KVA	11	15	DEPS	1
C1B41	1	C1	B	41	161529	397144	TRANSFORMADOR DISTR TRIF 75,0KVA 6/13KV	11	15	DEPS	1
C1C41	1	C1	C	41	171923	397972	TRANSFORMADOR DISTR TRIF 45,0KVA	11	15	DEPS	1
C1A42	1	C1	A	42	898442	Verificar	Verificar	Verificar	Verificar	Verificar	1
C1B42	1	C1	B	42	139690	397974	TRANSFORMADOR DISTR TRIF 112,5KVA	11	15	DEPS	1
C1C42	1	C1	C	42	169890	397976	TRANSFORMADOR DISTR TRIF 75,0KVA AP	11	15	DEPS	1
C1A43	1	C1	A	43	163951	397033	TRANSFORMADOR DISTR TRIF 225KVA	11	15	DEPS MONT	1
C1B43	1	C1	B	43	166098	397974	TRANSFORMADOR DISTR TRIF 112,5KVA	11	15	DEPS	1
C1C43	1	C1	C	43	156623	397971	TRANSFORMADOR DISTR TRIF 30,0KVA	11	15	DEPS	1
C1A44	1	C1	A	44	165747	397134	TRANSFORMADOR DISTR TRIF 300KVA	11	15	DEPS MONT	1
C1B44	1	C1	B	44	146741	397024	TRANSFORMADOR DISTR TRIF 112,5KVA AP BL	11	15	DEPS	1
C1C44	1	C1	C	44	172401	397972	TRANSFORMADOR DISTR TRIF 45,0KVA	11	15	DEPS	1
C1A45	1	C1	A	45	169081	397001	TRANSFORMADOR DISTR TRIF 150,0KVA	11	15	DEPS	1
C1B45	1	C1	B	45	158514	397973	TRANSFORMADOR DISTR TRIF 75,0KVA	11	15	DEPS	1
C1C45	1	C1	C	45	164943	334975	TRANSFORMADOR DISTR TRIF 45,0KVA AP	11	15	DEPS	1
C1A46	1	C1	A	46	140754	397001	TRANSFORMADOR DISTR TRIF 150,0KVA	11	15	DEPS	1
C1B46	1	C1	B	46	175634	397976	TRANSFORMADOR DISTR TRIF 75,0KVA AP	11	15	DEPS	1
C1C46	1	C1	C	46	153141	397974	TRANSFORMADOR DISTR TRIF 112,5KVA	11	15	DEPS	1
C1A47	1	C1	A	47	148586	397001	TRANSFORMADOR DISTR TRIF 150,0KVA	11	15	DEPS	1
C1B47	1	C1	B	47	166903	397974	TRANSFORMADOR DISTR TRIF 112,5KVA	11	15	DEPS	1
C1C47	1	C1	C	47	168073	397972	TRANSFORMADOR DISTR TRIF 45,0KVA	11	15	DEPS	1
C1A48	1	C1	A	48	162566	397134	TRANSFORMADOR DISTR TRIF 300KVA	11	15	DEPS	1
C1B48	1	C1	B	48	168943	397973	TRANSFORMADOR DISTR TRIF 75,0KVA	11	15	DEPS	1
C1C48	1	C1	C	48	170713	Verificar	Verificar	Verificar	Verificar	Verificar	1
C1A49	1	C1	A	49	139261	397977	TRANSFORMADOR DISTR TRIF 112,5KVA AP	11	15	DEPS	1
C1B49	1	C1	B	49	-	-	-	-	-	-	-
C1C49	1	C1	C	49	-	-	-	-	-	-	-
C1A50	1	C1	A	50	153496	397977	TRANSFORMADOR DISTR TRIF 112,5KVA AP	11	15	DEPS	1
C1B50	1	C1	B	50	170091	397972	TRANSFORMADOR DISTR TRIF 45,0KVA	11	15	DEPS	1
C1C50	1	C1	C	50	-	-	-	-	-	-	-
C1A51	1	C1	A	51	160681	397033	TRANSFORMADOR DISTR TRIF 225KVA	11	15	DEPS	1
C1B51	1	C1	B	51	163557	397972	TRANSFORMADOR DISTR TRIF 45,0KVA	11	15	DEPS	1
C1C51	1	C1	C	51	168067	397972	TRANSFORMADOR DISTR TRIF 45,0KVA	11	15	DEPS	1
C1A52	1	C1	A	52	170670	397033	TRANSFORMADOR DISTR TRIF 225KVA	11	15	DEPS	1
C1B52	1	C1	B	52	-	-	-	-	-	-	-
C1C52	1	C1	C	52	-	-	-	-	-	-	-
C1A53	1	C1	A	53	-	-	-	-	-	-	-
C1B53	1	C1	B	53	-	-	-	-	-	-	-
C1C53	1	C1	C	53	-	-	-	-	-	-	-
C1A54	1	C1	A	54	-	-	-	-	-	-	-
C1B54	1	C1	B	54	-	-	-	-	-	-	-
C1C54	1	C1	C	54	-	-	-	-	-	-	-
C1A55	1	C1	A	55	-	-	-	-	-	-	-
C1B55	1	C1	B	55	-	-	-	-	-	-	-
C1C55	1	C1	C	55	-	-	-	-	-	-	-
C1A56	1	C1	A	56	-	-	-	-	-	-	-
C1B56	1	C1	B	56	-	-	-	-	-	-	-
C1C56	1	C1	C	56	-	-	-	-	-	-	-
C1P01	1	C1	P	1	147763	397977	TRANSFORMADOR DISTR TRIF 112,5KVA AP	11	15	DEPS MONT	1
C1P01	1	C1	P	1	150476	397001	TRANSFORMADOR DISTR TRIF 150,0KVA	11	15	DEPS MONT	1
C1P01	1	C1	P	1	172290	397145	TRANSFORMADOR DISTR TRIF 112,5KVA 6/13KV	11	15	DEPS	1
C1P01	1	C1	P	1	149480	397001	TRANSFORMADOR DISTR TRIF 150,0KVA	11	15	DEPS	1
C1P01	1	C1	P	1	163630	397973	TRANSFORMADOR DISTR TRIF 75,0KVA	11	15	DEPS	1
C1P01	1	C1	P	1	170276	397974	TRANSFORMADOR DISTR TRIF 112,5KVA	11	15	DEPS	1
C1P01	1	C1	P	1	162092	397001	TRANSFORMADOR DISTR TRIF 150,0KVA	11	15	DEPS	1
C1P01	1	C1	P	1	163769	397977	TRANSFORMADOR DISTR TRIF 112,5KVA AP	11	15	DEPS	1
C1P01	1	C1	P	1	175961	397001	TRANSFORMADOR DISTR TRIF 150,0KVA	11	15	DEPS	1
C1P01	1	C1	P	1	154453	397977	TRANSFORMADOR DISTR TRIF 112,5KVA AP	11	15	DEPS	1
C1P01	1	C1	P	1	143003	397974	TRANSFORMADOR DISTR TRIF 112,5KVA	11	15	DEPS	1
C1P01	1	C1	P	1	148417	397024	TRANSFORMADOR DISTR TRIF 112,5KVA AP BL	11	15	DEPS	1
C1P01	1	C1	P	1	155328	397001	TRANSFORMADOR DISTR TRIF 150,0KVA	11	15	DEPS	1
C1P01	1	C1	P	1	170372	397001	TRANSFORMADOR DISTR TRIF 150,0KVA	11	15	DEPS MONT	1
C1P01	1	C1	P	1	146916	397001	TRANSFORMADOR DISTR TRIF 150,0KVA	11	15	DEPS	1
C1P01	1	C1	P	1	166204	397134	TRANSFORMADOR DISTR TRIF 300KVA	11	15	DEPS	1
C1P01	1	C1	P	1	162063	397001	TRANSFORMADOR DISTR TRIF 150,0KVA	11	15	DEPS	1
C1P01	1	C1	P	1	155604	397001	TRANSFORMADOR DISTR TRIF 150,0KVA	11	15	DEPS	1
C1P01	1	C1	P	1	163705	397974	TRANSFORMADOR DISTR TRIF 112,5KVA	11	15	DEPS	1
C1P01	1	C1	P	1	157274	397974	TRANSFORMADOR DISTR TRIF 112,5KVA	11	15	DEPS	1
C1P01	1	C1	P	1	169965	397977	TRANSFORMADOR DISTR TRIF 112,5KVA AP	11	15	DEPS	1
C1P01	1	C1	P	1	166409	397973	TRANSFORMADOR DISTR TRIF 75,0KVA	11	15	DEPS	1
C1P01	1	C1	P	1	163683	397974	TRANSFORMADOR DISTR TRIF 112,5KVA	11	15	DEPS	1
C1P01	1	C1	P	1	165918	397974	TRANSFORMADOR DISTR TRIF 112,5KVA	11	15	DEPS	1
C1P01	1	C1	P	1	173881	397974	TRANSFORMADOR DISTR TRIF 112,5KVA	11	15	DEPS	1
C1P01	1	C1	P	1	143846	397001	TRANSFORMADOR DISTR TRIF 150,0KVA	11	15	DEPS	1
C1P01	1	C1	P	1	143822	397001	TRANSFORMADOR DISTR TRIF 150,0KVA	11	15	DEPS	1
C1P01	1	C1	P	1	150618	397974	TRANSFORMADOR DISTR TRIF 112,5KVA	11	15	DEPS MONT	1
C1P01	1	C1	P	1	166096	397974	TRANSFORMADOR DISTR TRIF 112,5KVA	11	15	DEPS	1
C1P01	1	C1	P	1	175586	397973	TRANSFORMADOR DISTR TRIF 75,0KVA	11	15	DEPS	1
C1P01	1	C1	P	1	154377	397974	TRANSFORMADOR DISTR TRIF 112,5KVA	11	15	DEPS	1
C1P01	1	C1	P	1	149670	397973	TRANSFORMADOR DISTR TRIF 75,0KVA	11	15	DEPS	1
C1P01	1	C1	P	1	139116	397974	TRANSFORMADOR DISTR TRIF 112,5KVA	11	15	DEPS	1
C1P01	1	C1	P	1	149248	397974	TRANSFORMADOR DISTR TRIF 112,5KVA	11	15	DEPS MONT	1
C1P01	1	C1	P	1	173066	397977	TRANSFORMADOR DISTR TRIF 112,5KVA AP	11	15	DEPS	1
C1P01	1	C1	P	1	170191	397974	TRANSFORMADOR DISTR TRIF 112,5KVA	11	15	DEPS	1
C1P01	1	C1	P	1	141151	397977	TRANSFORMADOR DISTR TRIF 112,5KVA AP	11	15	DEPS	1
C1P01	1	C1	P	1	167028	397024	TRANSFORMADOR DISTR TRIF 112,5KVA AP BL	11	15	DEPS MONT	1
C1P01	1	C1	P	1	162542	397977	TRANSFORMADOR DISTR TRIF 112,5KVA AP	11	15	DEPS	1
C1P01	1	C1	P	1	174975	397977	TRANSFORMADOR DISTR TRIF 112,5KVA AP	11	15	DEPS MONT	1
C1P01	1	C1	P	1	172474	397974	TRANSFORMADOR DISTR TRIF 112,5KVA	11	15	DEPS	1
C1P01	1	C1	P	1	150378	397977	TRANSFORMADOR DISTR TRIF 112,5KVA AP	11	15	DEPS	1
C1P01	1	C1	P	1	142820	397001	TRANSFORMADOR DISTR TRIF 150,0KVA	11	15	DEPS	1
C1P01	1	C1	P	1	173217	397974	TRANSFORMADOR DISTR TRIF 112,5KVA	11	15	DEPS	1
C1P01	1	C1	P	1	140583	397977	TRANSFORMADOR DISTR TRIF 112,5KVA AP	11	15	DEPS	1
C1P01	1	C1	P	1	171754	397973	TRANSFORMADOR DISTR TRIF 75,0KVA	11	15	DEPS MONT	1
C1P01	1	C1	P	1	175056	397973	TRANSFORMADOR DISTR TRIF 75,0KVA	11	15	DEPS	1
C1P01	1	C1	P	1	137718	397001	TRANSFORMADOR DISTR TRIF 150,0KVA	11	15	DEPS	1
C1P01	1	C1	P	1	138679	397974	TRANSFORMADOR DISTR TRIF 112,5KVA	11	15	DEPS MONT	1
C1P01	1	C1	P	1	168209	397973	TRANSFORMADOR DISTR TRIF 75,0KVA	11	15	DEPS	1
C1P01	1	C1	P	1	174201	397973	TRANSFORMADOR DISTR TRIF 75,0KVA	11	15	DEPS	1
C1P01	1	C1	P	1	172101	397974	TRANSFORMADOR DISTR TRIF 112,5KVA	11	15	DEPS	1
C1P01	1	C1	P	1	152060	397973	TRANSFORMADOR DISTR TRIF 75,0KVA	11	15	DEPS	1
C1P01	1	C1	P	1	163877	397001	TRANSFORMADOR DISTR TRIF 150,0KVA	11	15	DEPS MONT	1
C1P01	1	C1	P	1	170672	Verificar	Verificar	Verificar	Verificar	Verificar	1
C2A01	2	C2	A	1	168801	397033	TRANSFORMADOR DISTR TRIF 225KVA	11	15	DEPS	1
C2B01	2	C2	B	1	168581	397974	TRANSFORMADOR DISTR TRIF 112,5KVA	11	15	DEPS	1
C2A02	2	C2	A	1	142327	397974	TRANSFORMADOR DISTR TRIF 112,5KVA	11	15	DEPS	1
C2B02	2	C2	B	2	173463	397972	TRANSFORMADOR DISTR TRIF 45,0KVA	11	15	DEPS	1
C2A03	2	C2	A	3	149732	397974	TRANSFORMADOR DISTR TRIF 112,5KVA	11	15	DEPS	1
C2B03	2	C2	B	3	162313	397972	TRANSFORMADOR DISTR TRIF 45,0KVA	11	15	DEPS	1
C2A04	2	C2	A	4	160679	397033	TRANSFORMADOR DISTR TRIF 225KVA	11	15	DEPS	1
C2B04	2	C2	B	4	147422	397024	TRANSFORMADOR DISTR TRIF 112,5KVA AP BL	11	15	DEPS	1
C2A05	2	C2	A	5	148924	Verificar	Verificar	Verificar	Verificar	Verificar	1
C2B05	2	C2	B	5	-	-	-	-	-	-	-
C2A06	2	C2	A	6	157825	397033	TRANSFORMADOR DISTR TRIF 225KVA	11	15	DEPS	1
C2B06	2	C2	B	6	169883	397976	TRANSFORMADOR DISTR TRIF 75,0KVA AP	11	15	DEPS	1
C2A07	2	C2	A	7	166681	397033	TRANSFORMADOR DISTR TRIF 225KVA	11	15	DEPS	1
C2B07	2	C2	B	7	173898	397974	TRANSFORMADOR DISTR TRIF 112,5KVA	11	15	DEPS	1
C2A08	2	C2	A	8	170934	397033	TRANSFORMADOR DISTR TRIF 225KVA	11	15	DEPS	1
C2B08	2	C2	B	8	139416	397001	TRANSFORMADOR DISTR TRIF 150,0KVA	11	15	DEPS	1
C2A09	2	C2	A	9	162513	397977	TRANSFORMADOR DISTR TRIF 112,5KVA AP	11	15	DEPS	1
C2B09	2	C2	B	9	160622	397001	TRANSFORMADOR DISTR TRIF 150,0KVA	11	15	DEPS	1
C2A10	2	C2	A	10	139140	397974	TRANSFORMADOR DISTR TRIF 112,5KVA	11	15	DEPS	1
C2B10	2	C2	B	10	172063	397001	TRANSFORMADOR DISTR TRIF 150,0KVA	11	15	DEPS	1
C2A11	2	C2	A	11	162516	397977	TRANSFORMADOR DISTR TRIF 112,5KVA AP	11	15	DEPS	1
C2B11	2	C2	B	11	140456	397001	TRANSFORMADOR DISTR TRIF 150,0KVA	11	15	DEPS	1
C2A12	2	C2	A	12	161882	397033	TRANSFORMADOR DISTR TRIF 225KVA	11	15	DEPS	1
C2B12	2	C2	B	12	173438	397001	TRANSFORMADOR DISTR TRIF 150,0KVA	11	15	DEPS MONT	1
C2A13	2	C2	A	13	166216	397134	TRANSFORMADOR DISTR TRIF 300KVA	11	15	DEPS	1
C2B13	2	C2	B	13	172353	397978	TRANSFORMADOR DISTR MONOF 5,0KVA	11	15	DEPS	1
C2B13	2	C2	B	13	172354	397978	TRANSFORMADOR DISTR MONOF 5,0KVA	11	15	DEPS	1
C2A14	2	C2	A	14	166660	397033	TRANSFORMADOR DISTR TRIF 225KVA	11	15	DEPS MONT	1
C2B14	2	C2	B	14	-	-	-	-	-	-	-
C2A15	2	C2	A	15	-	-	-	-	-	-	-
C2B15	2	C2	B	15	172559	397978	TRANSFORMADOR DISTR MONOF 5,0KVA	11	15	DEPS	1
C2A16	2	C2	A	16	162100	397134	TRANSFORMADOR DISTR TRIF 300KVA	11	15	DEPS	1
C2B16	2	C2	B	16	-	-	-	-	-	-	-
C2A17	2	C2	A	17	153784	397969	TRANSFORMADOR DISTR MONOF 100,0KVA	11	15	DEPS	1
C2B17	2	C2	B	17	163486	397143	TRANSFORMADOR DISTR TRIF 45,0KVA 6/13KV	11	15	DEPS	1
C2A18	2	C2	A	18	171790	397972	TRANSFORMADOR DISTR TRIF 45,0KVA	11	15	DEPS	1
C2B18	2	C2	B	18	170269	397974	TRANSFORMADOR DISTR TRIF 112,5KVA	11	15	DEPS	1
C2A19	2	C2	A	19	153792	397969	TRANSFORMADOR DISTR MONOF 100,0KVA	11	15	DEPS	1
C2B19	2	C2	B	19	148752	397974	TRANSFORMADOR DISTR TRIF 112,5KVA	11	15	DEPS	1
C2A20	2	C2	A	20	153039	397144	TRANSFORMADOR DISTR TRIF 75,0KVA 6/13KV	11	15	DEPS	1
C2B20	2	C2	B	20	-	-	-	-	-	-	-
C2A21	2	C2	A	21	138777	397001	TRANSFORMADOR DISTR TRIF 150,0KVA	11	15	DEPS	1
C2B21	2	C2	B	21	150235	Verificar	Verificar	Verificar	Verificar	Verificar	1
C2A22	2	C2	A	22	152551	397969	TRANSFORMADOR DISTR MONOF 100,0KVA	11	15	DEPS	1
C2B22	2	C2	B	22	173197	397972	TRANSFORMADOR DISTR TRIF 45,0KVA	11	15	DEPS	1
C2A23	2	C2	A	23	160808	397001	TRANSFORMADOR DISTR TRIF 150,0KVA	11	15	DEPS	1
C2B23	2	C2	B	23	160477	397972	TRANSFORMADOR DISTR TRIF 45,0KVA	11	15	DEPS	1
C2A24	2	C2	A	24	149353	397974	TRANSFORMADOR DISTR TRIF 112,5KVA	11	15	DEPS	1
C2B24	2	C2	B	24	137893	397972	TRANSFORMADOR DISTR TRIF 45,0KVA	11	15	DEPS	1
C2A25	2	C2	A	25	157585	397977	TRANSFORMADOR DISTR TRIF 112,5KVA AP	11	15	DEPS MONT	1
C2B25	2	C2	B	25	168475	397972	TRANSFORMADOR DISTR TRIF 45,0KVA	11	15	DEPS	1
C2A26	2	C2	A	26	144805	397969	TRANSFORMADOR DISTR MONOF 100,0KVA	11	15	DEPS	1
C2B26	2	C2	B	26	-	-	-	-	-	-	-
C2A27	2	C2	A	27	145461	397001	TRANSFORMADOR DISTR TRIF 150,0KVA	11	15	DEPS	1
C2B27	2	C2	B	27	168466	397972	TRANSFORMADOR DISTR TRIF 45,0KVA	11	15	DEPS	1
C2A28	2	C2	A	28	158937	397973	TRANSFORMADOR DISTR TRIF 75,0KVA	11	15	DEPS	1
C2B28	2	C2	B	28	-	-	-	-	-	-	-
C2A29	2	C2	A	29	171630	397033	TRANSFORMADOR DISTR TRIF 225KVA	11	15	DEPS	1
C2B29	2	C2	B	29	164408	334975	TRANSFORMADOR DISTR TRIF 45,0KVA AP	11	15	DEPS	1
C2A30	2	C2	A	30	172785	397033	TRANSFORMADOR DISTR TRIF 225KVA	11	15	DEPS	1
C2B30	2	C2	B	30	168184	397972	TRANSFORMADOR DISTR TRIF 45,0KVA	11	15	DEPS	1
C2P01	2	C2	P	1	171124	397977	TRANSFORMADOR DISTR TRIF 112,5KVA AP	11	15	DEPS	1
C2P01	2	C2	P	1	169304	397973	TRANSFORMADOR DISTR TRIF 75,0KVA	11	15	DEPS	1
C2P01	2	C2	P	1	172352	397978	TRANSFORMADOR DISTR MONOF 5,0KVA	11	15	DEPS	1
C2P01	2	C2	P	1	-	374545	REGULADOR TENSAO MONOF 200A 13,8/6,6 KV*	11	15	-	1
C2P01	2	C2	P	1	-	374545	REGULADOR TENSAO MONOF 200A 13,8/6,6 KV*	11	15	-	1
C2P01	2	C2	P	1	-	374545	REGULADOR TENSAO MONOF 200A 13,8/6,6 KV*	11	15	-	1
C2P01	2	C2	P	1	170651	Verificar	Verificar	Verificar	Verificar	Verificar	1
C2P01	2	C2	P	1	171122	Verificar	Verificar	Verificar	Verificar	Verificar	1
C2P01	2	C2	P	1	168854	Verificar	Verificar	Verificar	Verificar	Verificar	1
C2P01	2	C2	P	1	147893	397974	TRANSFORMADOR DISTR TRIF 112,5KVA	11	15	DEPS	1
C2P01	2	C2	P	1	-	374545	REGULADOR TENSAO MONOF 200A 13,8/6,6 KV*	11	15	-	1
C2P01	2	C2	P	1	-	374545	REGULADOR TENSAO MONOF 200A 13,8/6,6 KV*	11	15	-	1
C2P01	2	C2	P	1	-	374545	REGULADOR TENSAO MONOF 200A 13,8/6,6 KV*	11	15	-	1
C2P01	2	C2	P	1	175929	397982	TRANSFORMADOR DISTR MONOF 15KVA	6	15	DEPS	1
C2P01	2	C2	P	1	151606	397977	TRANSFORMADOR DISTR TRIF 112,5KVA AP	11	15	DEPS	1
C2P01	2	C2	P	1	136064	397973	TRANSFORMADOR DISTR TRIF 75,0KVA	11	15	DEPS	1
C2P01	2	C2	P	1	138522	397001	TRANSFORMADOR DISTR TRIF 150,0KVA	11	15	DEPS	1
C2P01	2	C2	P	1	148304	397001	TRANSFORMADOR DISTR TRIF 150,0KVA	11	15	DEPS	1
C2P01	2	C2	P	1	171739	397977	TRANSFORMADOR DISTR TRIF 112,5KVA AP	11	15	DEPS	1
C2P01	2	C2	P	1	147965	397974	TRANSFORMADOR DISTR TRIF 112,5KVA	11	15	DEPS	1
C2P01	2	C2	P	1	146251	397973	TRANSFORMADOR DISTR TRIF 75,0KVA	11	15	DEPS	1
C2P01	2	C2	P	1	157725	397976	TRANSFORMADOR DISTR TRIF 75,0KVA AP	11	15	DEPS	1
C2P01	2	C2	P	1	170331	397977	TRANSFORMADOR DISTR TRIF 112,5KVA AP	11	15	DEPS	1
C2P01	2	C2	P	1	158844	397974	TRANSFORMADOR DISTR TRIF 112,5KVA	11	15	DEPS	1
C2P01	2	C2	P	1	165115	397145	TRANSFORMADOR DISTR TRIF 112,5KVA 6/13KV	11	15	DEPS	1
C2P01	2	C2	P	1	173037	397974	TRANSFORMADOR DISTR TRIF 112,5KVA	11	15	DEPS	1
C2P01	2	C2	P	1	173163	397033	TRANSFORMADOR DISTR TRIF 225KVA	11	15	DEPS	1
C2P01	2	C2	P	1	166356	397972	TRANSFORMADOR DISTR TRIF 45,0KVA	11	15	DEPS	1
C2P01	2	C2	P	1	172087	397974	TRANSFORMADOR DISTR TRIF 112,5KVA	11	15	DEPS	1
C2P01	2	C2	P	1	160514	397974	TRANSFORMADOR DISTR TRIF 112,5KVA	11	15	DEPS MONT	1
C2P01	2	C2	P	1	163123	397976	TRANSFORMADOR DISTR TRIF 75,0KVA AP	11	15	DEPS	1
C2P01	2	C2	P	1	169987	397977	TRANSFORMADOR DISTR TRIF 112,5KVA AP	11	15	DEPS	1
C2P01	2	C2	P	1	139600	397973	TRANSFORMADOR DISTR TRIF 75,0KVA	11	15	DEPS	1
C2P01	2	C2	P	1	152848	397001	TRANSFORMADOR DISTR TRIF 150,0KVA	11	15	DEPS	1
C2P01	2	C2	P	1	157781	397977	TRANSFORMADOR DISTR TRIF 112,5KVA AP	11	15	DEPS	1
C2P01	2	C2	P	1	169989	397977	TRANSFORMADOR DISTR TRIF 112,5KVA AP	11	15	DEPS	1
C2P01	2	C2	P	1	161407	397001	TRANSFORMADOR DISTR TRIF 150,0KVA	11	15	DEPS	1
C2P01	2	C2	P	1	147697	397973	TRANSFORMADOR DISTR TRIF 75,0KVA	11	15	DEPS	1
C2P01	2	C2	P	1	147269	397976	TRANSFORMADOR DISTR TRIF 75,0KVA AP	11	15	DEPS	1
C2P01	2	C2	P	1	155999	397001	TRANSFORMADOR DISTR TRIF 150,0KVA	11	15	DEPS MONT	1
C2P01	2	C2	P	1	150095	397024	TRANSFORMADOR DISTR TRIF 112,5KVA AP BL	11	15	DEPS	1
C2P01	2	C2	P	1	164854	397134	TRANSFORMADOR DISTR TRIF 300KVA	11	15	DEPS	1
C2P01	2	C2	P	1	137787	397001	TRANSFORMADOR DISTR TRIF 150,0KVA	11	15	DEPS	1
C2P01	2	C2	P	1	172597	397974	TRANSFORMADOR DISTR TRIF 112,5KVA	11	15	DEPS	1
C2P01	2	C2	P	1	139077	397974	TRANSFORMADOR DISTR TRIF 112,5KVA	11	15	DEPS	1
C2P01	2	C2	P	1	166940	397977	TRANSFORMADOR DISTR TRIF 112,5KVA AP	11	15	DEPS	1
C3A01	3	C3	A	1	-	-	-	-	-	-	-
C3B01	3	C3	B	1	158338	397001	TRANSFORMADOR DISTR TRIF 150,0KVA	11	15	DEPS	1
C3C01	3	C3	C	1	170104	397972	TRANSFORMADOR DISTR TRIF 45,0KVA	11	15	DEPS	1
C3A02	3	C3	A	2	-	-	-	-	-	-	-
C3B02	3	C3	B	2	143672	397974	TRANSFORMADOR DISTR TRIF 112,5KVA	11	15	DEPS	1
C3C02	3	C3	C	2	166376	397972	TRANSFORMADOR DISTR TRIF 45,0KVA	11	15	DEPS MONT	1
C3A03	3	C3	A	3	-	-	-	-	-	-	-
C3B03	3	C3	B	3	140193	397976	TRANSFORMADOR DISTR TRIF 75,0KVA AP	11	15	DEPS	1
C3C03	3	C3	C	3	168480	397972	TRANSFORMADOR DISTR TRIF 45,0KVA	11	15	DEPS	1
C3A04	3	C3	A	4	-	-	-	-	-	-	-
C3B04	3	C3	B	4	166174	397001	TRANSFORMADOR DISTR TRIF 150,0KVA	11	15	DEPS MONT	1
C3C04	3	C3	C	4	172661	397972	TRANSFORMADOR DISTR TRIF 45,0KVA	11	15	DEPS	1
C3A05	3	C3	A	5	159200	396026	TRANSFORMADOR DISTR TRIF 500,0KVA DEADB	11	15	DEPS	1
C3B05	3	C3	B	5	142053	397974	TRANSFORMADOR DISTR TRIF 112,5KVA	11	15	DEPS MONT	1
C3C05	3	C3	C	5	165884	397972	TRANSFORMADOR DISTR TRIF 45,0KVA	11	15	DEPS	1
C3A06	3	C3	A	6	132408	313042	TRANSFORMADOR DISTR TRIF 500,0KVA	11	15	DEPS	1
C3B06	3	C3	B	6	175636	397976	TRANSFORMADOR DISTR TRIF 75,0KVA AP	11	15	DEPS	1
C3C06	3	C3	C	6	172399	397972	TRANSFORMADOR DISTR TRIF 45,0KVA	11	15	DEPS	1
C3A07	3	C3	A	7	-	-	-	-	-	-	-
C3B07	3	C3	B	7	175316	397972	TRANSFORMADOR DISTR TRIF 45,0KVA	11	15	DEPS	1
C3C07	3	C3	C	7	163561	397972	TRANSFORMADOR DISTR TRIF 45,0KVA	11	15	DEPS MONT	1
C3A08	3	C3	A	8	132420	313042	TRANSFORMADOR DISTR TRIF 500,0KVA	11	15	DEPS	1
C3B08	3	C3	B	8	175697	397972	TRANSFORMADOR DISTR TRIF 45,0KVA	6	15	DEPS	1
C3C08	3	C3	C	8	167447	397972	TRANSFORMADOR DISTR TRIF 45,0KVA	11	15	DEPS	1
C3A09	3	C3	A	9	-	-	-	-	-	-	-
C3B09	3	C3	B	9	175115	397976	TRANSFORMADOR DISTR TRIF 75,0KVA AP	11	15	DEPS	1
C3C09	3	C3	C	9	170113	397973	TRANSFORMADOR DISTR TRIF 75,0KVA	11	15	DEPS	1
C3A010	3	C3	A	10	151371	396026	TRANSFORMADOR DISTR TRIF 500,0KVA DEADB	11	15	DEPS	1
C3B010	3	C3	B	10	166866	397974	TRANSFORMADOR DISTR TRIF 112,5KVA	11	15	DEPS	1
C3C010	3	C3	C	10	162958	397973	TRANSFORMADOR DISTR TRIF 75,0KVA	11	15	DEPS	1
C3A011	3	C3	A	11	-	-	-	-	-	-	-
C3B011	3	C3	B	11	171383	397974	TRANSFORMADOR DISTR TRIF 112,5KVA	11	15	DEPS	1
C3C011	3	C3	C	11	-	-	-	-	-	-	-
C3A012	3	C3	A	12	140270	396999	TRANSFORMADOR DISTR TRIF 300KVA	11	15	DEPS	1
C3B012	3	C3	B	12	152176	Verificar	Verificar	Verificar	Verificar	Verificar	1
C3C012	3	C3	C	12	158607	397971	TRANSFORMADOR DISTR TRIF 30,0KVA	11	15	DEPS	1
C3A013	3	C3	A	13	-	-	-	-	-	-	-
C3B013	3	C3	B	13	152929	397974	TRANSFORMADOR DISTR TRIF 112,5KVA	11	15	DEPS	1
C3C013	3	C3	C	13	156860	397972	TRANSFORMADOR DISTR TRIF 45,0KVA	11	15	DEPS	1
C3A014	3	C3	A	14	171596	397134	TRANSFORMADOR DISTR TRIF 300KVA	11	15	DEPS	1
C3B014	3	C3	B	14	150750	397977	TRANSFORMADOR DISTR TRIF 112,5KVA AP	11	15	DEPS	1
C3C014	3	C3	C	14	170737	397972	TRANSFORMADOR DISTR TRIF 45,0KVA	11	15	DEPS	1
C3A015	3	C3	A	15	-	-	-	-	-	-	-
C3B015	3	C3	B	15	158857	397974	TRANSFORMADOR DISTR TRIF 112,5KVA	11	15	DEPS	1
C3C015	3	C3	C	15	167461	397972	TRANSFORMADOR DISTR TRIF 45,0KVA	11	15	DEPS	1
C3A016	3	C3	A	16	-	-	-	-	-	-	-
C3B016	3	C3	B	16	147328	397977	TRANSFORMADOR DISTR TRIF 112,5KVA AP	11	15	DEPS	1
C3C016	3	C3	C	16	168182	397972	TRANSFORMADOR DISTR TRIF 45,0KVA	11	15	DEPS	1
C3A017	3	C3	A	17	-	-	-	-	-	-	-
C3B017	3	C3	B	17	143738	397974	TRANSFORMADOR DISTR TRIF 112,5KVA	11	15	DEPS	1
C3C017	3	C3	C	17	163566	397972	TRANSFORMADOR DISTR TRIF 45,0KVA	11	15	DEPS	1
C3A018	3	C3	A	18	-	-	-	-	-	-	-
C3B018	3	C3	B	18	167486	397973	TRANSFORMADOR DISTR TRIF 75,0KVA	11	15	DEPS	1
C3C018	3	C3	C	18	171294	397970	TRANSFORMADOR DISTR TRIF 15KVA	11	15	DEPS	1
C3A019	3	C3	A	19	118851	396026	TRANSFORMADOR DISTR TRIF 500,0KVA DEADB	11	15	DEPS	1
C3B019	3	C3	B	19	169388	397974	TRANSFORMADOR DISTR TRIF 112,5KVA	11	15	DEPS	1
C3C019	3	C3	C	19	163757	397976	TRANSFORMADOR DISTR TRIF 75,0KVA AP	11	15	DEPS	1
C3A020	3	C3	A	20	163355	396996	TRANSFORMADOR DISTR TRIF 300,0KVA DEADBR	11	15	DEPS	1
C3B020	3	C3	B	20	140024	397145	TRANSFORMADOR DISTR TRIF 112,5KVA 6/13KV	11	15	DEPS	1
C3C020	3	C3	C	20	170739	397972	TRANSFORMADOR DISTR TRIF 45,0KVA	11	15	DEPS	1
C3A021	3	C3	A	21	157198	396026	TRANSFORMADOR DISTR TRIF 500,0KVA DEADB	11	15	DEPS MONT	1
C3B021	3	C3	B	21	166833	397973	TRANSFORMADOR DISTR TRIF 75,0KVA	11	15	DEPS	1
C3C021	3	C3	C	21	170735	397972	TRANSFORMADOR DISTR TRIF 45,0KVA	11	15	DEPS	1
C3A022	3	C3	A	22	141242	396026	TRANSFORMADOR DISTR TRIF 500,0KVA DEADB	11	15	DEPS	1
C3B022	3	C3	B	22	151349	397001	TRANSFORMADOR DISTR TRIF 150,0KVA	11	15	DEPS	1
C3C022	3	C3	C	22	163494	397143	TRANSFORMADOR DISTR TRIF 45,0KVA 6/13KV	11	15	DEPS	1
C3A023	3	C3	A	23	123498	396997	TRANSFORMADOR DISTR TRIF 300,0KVA DEADBR	11	15	DEPS	1
C3B023	3	C3	B	23	-	-	-	-	-	-	-
C3C023	3	C3	C	23	171920	397972	TRANSFORMADOR DISTR TRIF 45,0KVA	11	15	DEPS	1
C3A024	3	C3	A	24	149124	396997	TRANSFORMADOR DISTR TRIF 300,0KVA DEADBR	11	15	DEPS	1
C3B024	3	C3	B	24	-	-	-	-	-	-	-
C3C024	3	C3	C	24	168188	397972	TRANSFORMADOR DISTR TRIF 45,0KVA	11	15	DEPS	1
C3A025	3	C3	A	25	-	-	-	-	-	-	-
C3B025	3	C3	B	25	171553	397022	TRANSFORMADOR DISTR TRIF 45,0KVA AP BL	11	15	DEPS	1
C3C025	3	C3	C	25	148703	Verificar	Verificar	Verificar	Verificar	Verificar	1
C3A026	3	C3	A	26	159983	396996	TRANSFORMADOR DISTR TRIF 300,0KVA DEADBR	11	15	DEPS	1
C3B026	3	C3	B	26	143905	397001	TRANSFORMADOR DISTR TRIF 150,0KVA	11	15	DEPS	1
C3C026	3	C3	C	26	162310	397972	TRANSFORMADOR DISTR TRIF 45,0KVA	11	15	DEPS MONT	1
C3A027	3	C3	A	27	-	-	-	-	-	-	-
C3B027	3	C3	B	27	143670	397974	TRANSFORMADOR DISTR TRIF 112,5KVA	11	15	DEPS	1
C3C027	3	C3	C	27	169554	Verificar	Verificar	Verificar	Verificar	Verificar	1
C3A028	3	C3	A	28	134340	396027	TRANSFORMADOR DISTR TRIF 500,0KVA DEADBR	11	15	DEPS	1
C3B028	3	C3	B	28	161632	397974	TRANSFORMADOR DISTR TRIF 112,5KVA	11	15	DEPS	1
C3C028	3	C3	C	28	169593	397973	TRANSFORMADOR DISTR TRIF 75,0KVA	11	15	DEPS	1
C3A029	3	C3	A	29	135236	396027	TRANSFORMADOR DISTR TRIF 500,0KVA DEADBR	11	15	DEPS	1
C3B029	3	C3	B	29	150320	397974	TRANSFORMADOR DISTR TRIF 112,5KVA	11	15	DEPS	1
C3C029	3	C3	C	29	162907	397972	TRANSFORMADOR DISTR TRIF 45,0KVA	11	15	DEPS	1
C3A030	3	C3	A	30	159185	396026	TRANSFORMADOR DISTR TRIF 500,0KVA DEADB	11	15	DEPS	1
C3B030	3	C3	B	30	155490	397001	TRANSFORMADOR DISTR TRIF 150,0KVA	11	15	DEPS	1
C3C030	3	C3	C	30	170108	397973	TRANSFORMADOR DISTR TRIF 75,0KVA	11	15	DEPS	1
C3A031	3	C3	A	31	135249	396027	TRANSFORMADOR DISTR TRIF 500,0KVA DEADBR	11	15	DEPS	1
C3B031	3	C3	B	31	156462	397973	TRANSFORMADOR DISTR TRIF 75,0KVA	11	15	DEPS	1
C3C031	3	C3	C	31	153800	397972	TRANSFORMADOR DISTR TRIF 45,0KVA	11	15	DEPS	1
C3A032	3	C3	A	32	159981	396996	TRANSFORMADOR DISTR TRIF 300,0KVA DEADBR	11	15	DEPS	1
C3B032	3	C3	B	32	159608	397974	TRANSFORMADOR DISTR TRIF 112,5KVA	11	15	DEPS MONT	1
C3C032	3	C3	C	32	176410	397972	TRANSFORMADOR DISTR TRIF 45,0KVA	11	15	DEPS	1
C3A033	3	C3	A	33	159216	396026	TRANSFORMADOR DISTR TRIF 500,0KVA DEADB	11	15	DEPS	1
C3B033	3	C3	B	33	147380	397977	TRANSFORMADOR DISTR TRIF 112,5KVA AP	11	15	DEPS	1
C3C033	3	C3	C	33	176455	397972	TRANSFORMADOR DISTR TRIF 45,0KVA	11	15	DEPS MONT	1
C3A034	3	C3	A	34	134740	396997	TRANSFORMADOR DISTR TRIF 300,0KVA DEADBR	11	15	DEPS	1
C3B034	3	C3	B	34	149752	397974	TRANSFORMADOR DISTR TRIF 112,5KVA	11	15	DEPS	1
C3C034	3	C3	C	34	172276	397971	TRANSFORMADOR DISTR TRIF 30,0KVA	11	15	DEPS	1
C3A035	3	C3	A	35	-	-	-	-	-	-	-
C3B035	3	C3	B	35	166913	397976	TRANSFORMADOR DISTR TRIF 75,0KVA AP	11	15	DEPS	1
C3C035	3	C3	C	35	160183	397974	TRANSFORMADOR DISTR TRIF 112,5KVA	11	15	DEPS	1
C3A036	3	C3	A	36	167089	396027	TRANSFORMADOR DISTR TRIF 500,0KVA DEADBR	11	15	DEPS	1
C3B036	3	C3	B	36	168936	397973	TRANSFORMADOR DISTR TRIF 75,0KVA	11	15	DEPS	1
C3C036	3	C3	C	36	176405	397972	TRANSFORMADOR DISTR TRIF 45,0KVA	11	15	DEPS	1
C3A037	3	C3	A	37	-	-	-	-	-	-	-
C3B037	3	C3	B	37	171557	397022	TRANSFORMADOR DISTR TRIF 45,0KVA AP BL	11	15	DEPS	1
C3C037	3	C3	C	37	162329	397972	TRANSFORMADOR DISTR TRIF 45,0KVA	11	15	DEPS MONT	1
C3A038	3	C3	A	38	134644	396027	TRANSFORMADOR DISTR TRIF 500,0KVA DEADBR	11	15	DEPS	1
C3B038	3	C3	B	38	163488	397143	TRANSFORMADOR DISTR TRIF 45,0KVA 6/13KV	11	15	DEPS MONT	1
C3C038	3	C3	C	38	147271	397976	TRANSFORMADOR DISTR TRIF 75,0KVA AP	11	15	DEPS	1
C3A039	3	C3	A	39	159167	313996	TRANSFORMADOR DISTR TRIF 300,0KVA	11	15	DEPS	1
C3B039	3	C3	B	39	142763	397001	TRANSFORMADOR DISTR TRIF 150,0KVA	11	15	DEPS	1
C3C039	3	C3	C	39	140534	397143	TRANSFORMADOR DISTR TRIF 45,0KVA 6/13KV	11	15	DEPS	1
C3A040	3	C3	A	40	132448	313042	TRANSFORMADOR DISTR TRIF 500,0KVA	11	15	DEPS	1
C3B040	3	C3	B	40	138994	397972	TRANSFORMADOR DISTR TRIF 45,0KVA	11	15	DEPS	1
C3C040	3	C3	C	40	158645	397972	TRANSFORMADOR DISTR TRIF 45,0KVA	11	15	DEPS	1
C3A041	3	C3	A	41	132414	313042	TRANSFORMADOR DISTR TRIF 500,0KVA	11	15	DEPS	1
C3B041	3	C3	B	41	172220	397973	TRANSFORMADOR DISTR TRIF 75,0KVA	11	15	DEPS	1
C3C041	3	C3	C	41	167453	397972	TRANSFORMADOR DISTR TRIF 45,0KVA	11	15	DEPS	1
C3A042	3	C3	A	42	135430	396027	TRANSFORMADOR DISTR TRIF 500,0KVA DEADBR	11	15	DEPS	1
C3B042	3	C3	B	42	165777	397968	TRANSFORMADOR DISTR MONOF 75,0KVA	11	15	DEPS	1
C3C042	3	C3	C	42	153810	397972	TRANSFORMADOR DISTR TRIF 45,0KVA	11	15	DEPS	1
C3A043	3	C3	A	43	161793	397134	TRANSFORMADOR DISTR TRIF 300KVA	11	15	DEPS	1
C3B043	3	C3	B	43	116249	397977	TRANSFORMADOR DISTR TRIF 112,5KVA AP	11	15	DEPS	1
C3C043	3	C3	C	43	176401	397972	TRANSFORMADOR DISTR TRIF 45,0KVA	11	15	DEPS	1
C3A044	3	C3	A	44	157465	396026	TRANSFORMADOR DISTR TRIF 500,0KVA DEADB	11	15	DEPS	1
C3B044	3	C3	B	44	172215	397973	TRANSFORMADOR DISTR TRIF 75,0KVA	11	15	DEPS	1
C3C044	3	C3	C	44	174262	397147	TRANSFORMADOR DISTR MONOF 50,0KVA ISOL	11	15	DEPS	1
C3A045	3	C3	A	45	151424	396026	TRANSFORMADOR DISTR TRIF 500,0KVA DEADB	11	15	DEPS	1
C3B045	3	C3	B	45	166395	397973	TRANSFORMADOR DISTR TRIF 75,0KVA	11	15	DEPS	1
C3C045	3	C3	C	45	-	-	-	-	-	-	-
C3A046	3	C3	A	46	165480	396996	TRANSFORMADOR DISTR TRIF 300,0KVA DEADBR	11	15	DEPS MONT	1
C3B046	3	C3	B	46	146593	397974	TRANSFORMADOR DISTR TRIF 112,5KVA	11	15	DEPS	1
C3C046	3	C3	C	46	-	-	-	-	-	-	-
C3A047	3	C3	A	47	135450	396027	TRANSFORMADOR DISTR TRIF 500,0KVA DEADBR	11	15	DEPS	1
C3B047	3	C3	B	47	171379	397974	TRANSFORMADOR DISTR TRIF 112,5KVA	11	15	DEPS	1
C3C047	3	C3	C	47	176452	397972	TRANSFORMADOR DISTR TRIF 45,0KVA	11	15	DEPS MONT	1
C3A048	3	C3	A	48	-	-	-	-	-	-	-
C3B048	3	C3	B	48	160089	397972	TRANSFORMADOR DISTR TRIF 45,0KVA	11	15	DEPS	1
C3C048	3	C3	C	48	175590	397973	TRANSFORMADOR DISTR TRIF 75,0KVA	11	15	DEPS	1
C3A049	3	C3	A	49	152949	397974	TRANSFORMADOR DISTR TRIF 112,5KVA	11	15	DEPS	1
C3B049	3	C3	B	49	172644	397001	TRANSFORMADOR DISTR TRIF 150,0KVA	11	15	DEPS	1
C3C049	3	C3	C	49	169879	397976	TRANSFORMADOR DISTR TRIF 75,0KVA AP	11	15	DEPS	1
C3A050	3	C3	A	50	127580	396027	TRANSFORMADOR DISTR TRIF 500,0KVA DEADBR	11	15	DEPS	1
C3B050	3	C3	B	50	157728	397976	TRANSFORMADOR DISTR TRIF 75,0KVA AP	11	15	DEPS	1
C3C050	3	C3	C	50	147079	397972	TRANSFORMADOR DISTR TRIF 45,0KVA	11	15	DEPS	1
C3A051	3	C3	A	51	-	-	-	-	-	-	-
C3B051	3	C3	B	51	172927	397972	TRANSFORMADOR DISTR TRIF 45,0KVA	11	15	DEPS	1
C3C051	3	C3	C	51	176453	397972	TRANSFORMADOR DISTR TRIF 45,0KVA	11	15	DEPS	1
C3A052	3	C3	A	52	170515	397134	TRANSFORMADOR DISTR TRIF 300KVA	11	15	DEPS	1
C3B052	3	C3	B	52	172043	397001	TRANSFORMADOR DISTR TRIF 150,0KVA	11	15	DEPS	1
C3C052	3	C3	C	52	175564	397972	TRANSFORMADOR DISTR TRIF 45,0KVA	11	15	DEPS	1
C3A053	3	C3	A	53	-	-	-	-	-	-	-
C3B053	3	C3	B	53	163759	397976	TRANSFORMADOR DISTR TRIF 75,0KVA AP	11	15	DEPS MONT	1
C3C053	3	C3	C	53	172676	397973	TRANSFORMADOR DISTR TRIF 75,0KVA	11	15	DEPS	1
C3A054	3	C3	A	54	-	-	-	-	-	-	-
C3B054	3	C3	B	54	145877	397973	TRANSFORMADOR DISTR TRIF 75,0KVA	11	15	DEPS	1
C3C054	3	C3	C	54	176409	397972	TRANSFORMADOR DISTR TRIF 45,0KVA	11	15	DEPS	1
C3A055	3	C3	A	55	146046	397001	TRANSFORMADOR DISTR TRIF 150,0KVA	11	15	DEPS	1
C3B055	3	C3	B	55	146232	397968	TRANSFORMADOR DISTR MONOF 75,0KVA	11	15	DEPS	1
C3C055	3	C3	C	55	160728	397972	TRANSFORMADOR DISTR TRIF 45,0KVA	11	15	DEPS	1
C3A056	3	C3	A	56	143523	397001	TRANSFORMADOR DISTR TRIF 150,0KVA	11	15	DEPS	1
C3B056	3	C3	B	56	142926	397972	TRANSFORMADOR DISTR TRIF 45,0KVA	11	15	DEPS	1
C3C056	3	C3	C	56	157042	397972	TRANSFORMADOR DISTR TRIF 45,0KVA	11	15	DEPS	1
C3A057	3	C3	A	57	151636	397001	TRANSFORMADOR DISTR TRIF 150,0KVA	11	15	DEPS	1
C3B057	3	C3	B	57	169440	397001	TRANSFORMADOR DISTR TRIF 150,0KVA	11	15	DEPS	1
C3C057	3	C3	C	57	-	-	-	-	-	-	-
C3A058	3	C3	A	58	168356	397134	TRANSFORMADOR DISTR TRIF 300KVA	11	15	DEPS	1
C3B058	3	C3	B	58	156386	397974	TRANSFORMADOR DISTR TRIF 112,5KVA	11	15	DEPS MONT	1
C3C058	3	C3	C	58	-	-	-	-	-	-	-
C3A059	3	C3	A	59	-	-	-	-	-	-	-
C3B059	3	C3	B	59	149699	397974	TRANSFORMADOR DISTR TRIF 112,5KVA	11	15	DEPS	1
C3C059	3	C3	C	59	147077	397972	TRANSFORMADOR DISTR TRIF 45,0KVA	11	15	DEPS	1
C3A060	3	C3	A	60	-	-	-	-	-	-	-
C3B060	3	C3	B	60	140484	397001	TRANSFORMADOR DISTR TRIF 150,0KVA	11	15	DEPS	1
C3C060	3	C3	C	60	140074	397972	TRANSFORMADOR DISTR TRIF 45,0KVA	11	15	DEPS	1
C3A061	3	C3	A	61	153173	397973	TRANSFORMADOR DISTR TRIF 75,0KVA	11	15	DEPS MONT	1
C3B061	3	C3	B	61	156994	397144	TRANSFORMADOR DISTR TRIF 75,0KVA 6/13KV	11	15	DEPS	1
C3C061	3	C3	C	61	166358	397972	TRANSFORMADOR DISTR TRIF 45,0KVA	11	15	DEPS	1
C3A062	3	C3	A	62	172522	397977	TRANSFORMADOR DISTR TRIF 112,5KVA AP	11	15	DEPS MONT	1
C3B062	3	C3	B	62	156731	397974	TRANSFORMADOR DISTR TRIF 112,5KVA	11	15	DEPS	1
C3C062	3	C3	C	62	170092	397972	TRANSFORMADOR DISTR TRIF 45,0KVA	11	15	DEPS	1
C3A063	3	C3	A	63	-	-	-	-	-	-	-
C3B063	3	C3	B	63	171264	397972	TRANSFORMADOR DISTR TRIF 45,0KVA	11	15	DEPS	1
C3C063	3	C3	C	63	147086	397972	TRANSFORMADOR DISTR TRIF 45,0KVA	11	15	DEPS	1
C3A064	3	C3	A	64	160878	397033	TRANSFORMADOR DISTR TRIF 225KVA	11	15	DEPS	1
C3B064	3	C3	B	64	171268	397972	TRANSFORMADOR DISTR TRIF 45,0KVA	11	15	DEPS	1
C3C064	3	C3	C	64	150232	397972	TRANSFORMADOR DISTR TRIF 45,0KVA	11	15	DEPS	1
C3A065	3	C3	A	65	169155	397134	TRANSFORMADOR DISTR TRIF 300KVA	11	15	DEPS	1
C3B065	3	C3	B	65	163087	397974	TRANSFORMADOR DISTR TRIF 112,5KVA	11	15	DEPS	1
C3C065	3	C3	C	65	169563	397972	TRANSFORMADOR DISTR TRIF 45,0KVA	6	15	DEPS	1
C3A066	3	C3	A	66	142921	397969	TRANSFORMADOR DISTR MONOF 100,0KVA	11	15	DEPS	1
C3B066	3	C3	B	66	149273	397974	TRANSFORMADOR DISTR TRIF 112,5KVA	11	15	DEPS	1
C3C066	3	C3	C	66	176392	397972	TRANSFORMADOR DISTR TRIF 45,0KVA	11	15	DEPS	1
C3P01	3	C3	P	1	36258	Verificar	Verificar	Verificar	Verificar	Verificar	1
C3P01	3	C3	P	1	147104	397973	TRANSFORMADOR DISTR TRIF 75,0KVA	11	15	DEPS MONT	1
C3P01	3	C3	P	1	175460	397972	TRANSFORMADOR DISTR TRIF 45,0KVA	11	15	DEPS	1
C3P01	3	C3	P	1	168804	397033	TRANSFORMADOR DISTR TRIF 225KVA	11	15	DEPS	1
C3P01	3	C3	P	1	158335	397972	TRANSFORMADOR DISTR TRIF 45,0KVA	11	15	DEPS	1
C3P01	3	C3	P	1	144509	Verificar	Verificar	Verificar	Verificar	Verificar	1
C3P01	3	C3	P	1	153413	Verificar	Verificar	Verificar	Verificar	Verificar	1
C3P01	3	C3	P	1	149040	397974	TRANSFORMADOR DISTR TRIF 112,5KVA	11	15	DEPS	1
C3P01	3	C3	P	1	154268	397974	TRANSFORMADOR DISTR TRIF 112,5KVA	11	15	DEPS MONT	1
C3P01	3	C3	P	1	169868	397976	TRANSFORMADOR DISTR TRIF 75,0KVA AP	11	15	DEPS	1
C3P01	3	C3	P	1	171881	397033	TRANSFORMADOR DISTR TRIF 225KVA	11	15	DEPS	1
C3P01	3	C3	P	1	169827	397974	TRANSFORMADOR DISTR TRIF 112,5KVA	11	15	DEPS	1
C3P01	3	C3	P	1	127611	396029	TRANSFORMADOR DISTR TRIF 1000KVA DEADBR	11	15	DEPS	1
C3P01	3	C3	P	1	157969	396998	TRANSFORMADOR DISTR TRIF 1000KVA	11	15	DEPS	1
C3P01	3	C3	P	1	130124	396027	TRANSFORMADOR DISTR TRIF 500,0KVA DEADBR	11	15	DEPS	1
C3P01	3	C3	P	1	145800	396997	TRANSFORMADOR DISTR TRIF 300,0KVA DEADBR	11	15	DEPS	1
C3P01	3	C3	P	1	159175	396996	TRANSFORMADOR DISTR TRIF 300,0KVA DEADBR	11	15	DEPS	1
C3P01	3	C3	P	1	132421	313042	TRANSFORMADOR DISTR TRIF 500,0KVA	11	15	DEPS	1
C3P01	3	C3	P	1	144666	396998	TRANSFORMADOR DISTR TRIF 1000KVA	11	15	DEPS	1
C3P01	3	C3	P	1	135420	396027	TRANSFORMADOR DISTR TRIF 500,0KVA DEADBR	11	15	DEPS	1
C3P01	3	C3	P	1	127625	396997	TRANSFORMADOR DISTR TRIF 300,0KVA DEADBR	11	15	DEPS	1
C3P01	3	C3	P	1	157492	396999	TRANSFORMADOR DISTR TRIF 300KVA	11	15	DEPS	1
C3P01	3	C3	P	1	106289	Verificar	Verificar	Verificar	Verificar	Verificar	1
C3P01	3	C3	P	1	157487	396197	TRANSFORMADOR DISTR TRIF 75,0KVA	11	15	DEPS	1
C3P01	3	C3	P	1	141605	396198	TRANSFORMADOR DISTR TRIF 150,0KVA	11	15	DEPS	1
C3P01	3	C3	P	1	132100	396198	TRANSFORMADOR DISTR TRIF 150,0KVA	11	15	DEPS	1
C3P01	3	C3	P	1	126933	396999	TRANSFORMADOR DISTR TRIF 300KVA	11	15	DEPS	1
C3P01	3	C3	P	1	131898	396999	TRANSFORMADOR DISTR TRIF 300KVA	11	15	DEPS	1
C3P01	3	C3	P	1	155133	396999	TRANSFORMADOR DISTR TRIF 300KVA	11	15	DEPS	1
C3P01	3	C3	P	1	146451	396998	TRANSFORMADOR DISTR TRIF 1000KVA	11	15	DEPS	1
C3P01	3	C3	P	1	174925	397973	TRANSFORMADOR DISTR TRIF 75,0KVA	11	15	DEPS MONT	1
C3P01	3	C3	P	1	164354	397972	TRANSFORMADOR DISTR TRIF 45,0KVA	11	15	DEPS	1
C3P01	3	C3	P	1	132314	396028	TRANSFORMADOR DISTR TRIF 1000KVA DEADBR	11	15	DEPS	1
C3P01	3	C3	P	1	122255	396027	TRANSFORMADOR DISTR TRIF 500,0KVA DEADBR	11	15	DEPS	1
C3P01	3	C3	P	1	137828	396028	TRANSFORMADOR DISTR TRIF 1000KVA DEADBR	11	15	DEPS MONT	1
PATIOCEN	6	T5	-	CENTRO	65547	Verificar	Verificar	Verificar	Verificar	Verificar	1
PATIOCEN	6	T5	-	CENTRO	147400	397977	TRANSFORMADOR DISTR TRIF 112,5KVA AP	11	15	DEPS	1
PATIOCEN	6	T5	-	CENTRO	172879	397973	TRANSFORMADOR DISTR TRIF 75,0KVA	11	15	DEPS MONT	1
PATIOCEN	6	T5	-	CENTRO	156124	397977	TRANSFORMADOR DISTR TRIF 112,5KVA AP	11	15	DEPS MONT	1
PATIOCEN	6	T5	-	CENTRO	153207	397973	TRANSFORMADOR DISTR TRIF 75,0KVA	11	15	DEPS MONT	1
PATIOCEN	6	T5	-	CENTRO	118634	397142	TRANSFORMADOR DISTR TRIF 30,0KVA 6/13KV	11	15	DEPS	1
PATIOCEN	6	T5	-	CENTRO	156765	397977	TRANSFORMADOR DISTR TRIF 112,5KVA AP	11	15	DEPS	1
PATIOCEN	6	T5	-	CENTRO	166919	397976	TRANSFORMADOR DISTR TRIF 75,0KVA AP	11	15	DEPS MONT	1
PATIOCEN	6	T5	-	CENTRO	170084	397971	TRANSFORMADOR DISTR TRIF 30,0KVA	11	15	DEPS	1
PATIOCEN	6	T5	-	CENTRO	173064	397977	TRANSFORMADOR DISTR TRIF 112,5KVA AP	11	15	DEPS	1
PATIOCEN	6	T5	-	CENTRO	156880	397974	TRANSFORMADOR DISTR TRIF 112,5KVA	11	15	DEPS MONT	1
PATIOCEN	6	T5	-	CENTRO	139345	397001	TRANSFORMADOR DISTR TRIF 150,0KVA	11	15	DEPS MONT	1
PATIOCEN	6	T5	-	CENTRO	137958	397973	TRANSFORMADOR DISTR TRIF 75,0KVA	11	15	DEPS	1
PATIOCEN	6	T5	-	CENTRO	156536	397974	TRANSFORMADOR DISTR TRIF 112,5KVA	11	15	DEPS	1
PATIOCEN	6	T5	-	CENTRO	142039	397974	TRANSFORMADOR DISTR TRIF 112,5KVA	11	15	DEPS	1
PATIOCEN	6	T5	-	CENTRO	162057	397001	TRANSFORMADOR DISTR TRIF 150,0KVA	11	15	DEPS	1
PATIOCEN	6	T5	-	CENTRO	143005	397974	TRANSFORMADOR DISTR TRIF 112,5KVA	11	15	DEPS	1
PATIOCEN	6	T5	-	CENTRO	136858	397974	TRANSFORMADOR DISTR TRIF 112,5KVA	11	15	DEPS MONT	1
PATIOCEN	6	T5	-	CENTRO	134795	397976	TRANSFORMADOR DISTR TRIF 75,0KVA AP	11	15	DEPS	1
PATIOCEN	6	T5	-	CENTRO	138432	Verificar	Verificar	Verificar	Verificar	Verificar	1
PATIOCEN	6	T5	-	CENTRO	238686	Verificar	Verificar	Verificar	Verificar	Verificar	1
PATIOCEN	6	T5	-	CENTRO	137681	397001	TRANSFORMADOR DISTR TRIF 150,0KVA	11	15	DEPS	1
PATIOCEN	6	T5	-	CENTRO	156287	397973	TRANSFORMADOR DISTR TRIF 75,0KVA	11	15	DEPS	1
PATIOCEN	6	T5	-	CENTRO	143340	397974	TRANSFORMADOR DISTR TRIF 112,5KVA	11	15	DEPS MONT	1
PATIOCEN	6	T5	-	CENTRO	160342	397001	TRANSFORMADOR DISTR TRIF 150,0KVA	11	15	DEPS	1
PATIOCEN	6	T5	-	CENTRO	169318	397973	TRANSFORMADOR DISTR TRIF 75,0KVA	11	15	DEPS MONT	1
PATIOCEN	6	T5	-	CENTRO	170106	397972	TRANSFORMADOR DISTR TRIF 45,0KVA	11	15	DEPS MONT	1
PATIOCEN	6	T5	-	CENTRO	156132	397980	TRANSFORMADOR DISTR MONOF 10,0KVA	11	15	DEPS MONT	1
PATIOCEN	6	T5	-	CENTRO	161514	397973	TRANSFORMADOR DISTR TRIF 75,0KVA	11	15	DEPS MONT	1
PATIOCEN	6	T5	-	CENTRO	154759	397001	TRANSFORMADOR DISTR TRIF 150,0KVA	11	15	DEPS	1
PATIOCEN	6	T5	-	CENTRO	153456	397974	TRANSFORMADOR DISTR TRIF 112,5KVA	11	15	DEPS MONT	1
PATIOCEN	6	T5	-	CENTRO	168297	397001	TRANSFORMADOR DISTR TRIF 150,0KVA	11	15	DEPS MONT	1
PATIOCEN	6	T5	-	CENTRO	175574	397972	TRANSFORMADOR DISTR TRIF 45,0KVA	11	15	DEPS	1
PATIOCEN	6	T5	-	CENTRO	172392	397971	TRANSFORMADOR DISTR TRIF 30,0KVA	11	15	DEPS	1
PATIOCEN	6	T5	-	CENTRO	160557	397001	TRANSFORMADOR DISTR TRIF 150,0KVA	11	15	DEPS	1
PATIOCEN	6	T5	-	CENTRO	169918	397001	TRANSFORMADOR DISTR TRIF 150,0KVA	11	15	DEPS MONT	1
PATIOCEN	6	T5	-	CENTRO	174261	397147	TRANSFORMADOR DISTR MONOF 50,0KVA ISOL	11	15	DEPS MONT	1
PATIOCEN	6	T5	-	CENTRO	165926	397974	TRANSFORMADOR DISTR TRIF 112,5KVA	11	15	DEPS	1
PATIOCEN	6	T5	-	CENTRO	173872	397974	TRANSFORMADOR DISTR TRIF 112,5KVA	11	15	DEPS	1
PATIOCEN	6	T5	-	CENTRO	168660	397001	TRANSFORMADOR DISTR TRIF 150,0KVA	11	15	DEPS	1
PATIOCEN	6	T5	-	CENTRO	169812	Verificar	Verificar	Verificar	Verificar	Verificar	1
PATIOCEN	6	T5	-	CENTRO	173382	397972	TRANSFORMADOR DISTR TRIF 45,0KVA	11	15	DEPS	1
PATIOCEN	6	T5	-	CENTRO	144529	397977	TRANSFORMADOR DISTR TRIF 112,5KVA AP	11	15	DEPS MONT	1
PATIOCEN	6	T5	-	CENTRO	170733	397972	TRANSFORMADOR DISTR TRIF 45,0KVA	11	15	DEPS MONT	1
PATIOCEN	6	T5	-	CENTRO	149425	397001	TRANSFORMADOR DISTR TRIF 150,0KVA	11	15	DEPS	1
PATIOCEN	6	T5	-	CENTRO	173874	397974	TRANSFORMADOR DISTR TRIF 112,5KVA	11	15	DEPS	1
PATIOCEN	6	T5	-	CENTRO	171226	397974	TRANSFORMADOR DISTR TRIF 112,5KVA	11	15	DEPS	1
PATIOCEN	6	T5	-	CENTRO	166995	397001	TRANSFORMADOR DISTR TRIF 150,0KVA	11	15	DEPS	1
PATIOCEN	6	T5	-	CENTRO	130606	397973	TRANSFORMADOR DISTR TRIF 75,0KVA	11	15	DEPS	1
PATIOCEN	6	T5	-	CENTRO	158348	397974	TRANSFORMADOR DISTR TRIF 112,5KVA	11	15	DEPS	1
PATIOCEN	6	T5	-	CENTRO	143342	397974	TRANSFORMADOR DISTR TRIF 112,5KVA	11	15	DEPS	1
PATIOCEN	6	T5	-	CENTRO	163706	397974	TRANSFORMADOR DISTR TRIF 112,5KVA	11	15	DEPS	1
PATIOCEN	6	T5	-	CENTRO	153838	397973	TRANSFORMADOR DISTR TRIF 75,0KVA	11	15	DEPS	1
PATIOCEN	6	T5	-	CENTRO	173876	397974	TRANSFORMADOR DISTR TRIF 112,5KVA	11	15	DEPS	1
PATIOCEN	6	T5	-	CENTRO	161387	397001	TRANSFORMADOR DISTR TRIF 150,0KVA	11	15	DEPS	1
PATIOCEN	6	T5	-	CENTRO	175065	397973	TRANSFORMADOR DISTR TRIF 75,0KVA	11	15	DEPS	1
PATIOCEN	6	T5	-	CENTRO	172408	397972	TRANSFORMADOR DISTR TRIF 45,0KVA	11	15	DEPS	1
PATIOCEN	6	T5	-	CENTRO	160211	397974	TRANSFORMADOR DISTR TRIF 112,5KVA	11	15	DEPS	1
PATIOCEN	6	T5	-	CENTRO	156550	397974	TRANSFORMADOR DISTR TRIF 112,5KVA	11	15	DEPS MONT	1
PATIOCEN	6	T5	-	CENTRO	159855	397001	TRANSFORMADOR DISTR TRIF 150,0KVA	11	15	DEPS MONT	1
PATIOCEN	6	T5	-	CENTRO	157585	397977	TRANSFORMADOR DISTR TRIF 112,5KVA AP	11	15	DEPS MONT	1
PATIOCEN	6	T5	-	CENTRO	153171	397973	TRANSFORMADOR DISTR TRIF 75,0KVA	11	15	DEPS	1
PATIOCEN	6	T5	-	CENTRO	138851	397001	TRANSFORMADOR DISTR TRIF 150,0KVA	11	15	DEPS MONT	1
PATIOCEN	6	T5	-	CENTRO	123765	397974	TRANSFORMADOR DISTR TRIF 112,5KVA	11	15	DEPS	1
PATIOCEN	6	T5	-	CENTRO	151013	Verificar	Verificar	Verificar	Verificar	Verificar	1
PATIOCEN	6	T5	-	CENTRO	166440	397974	TRANSFORMADOR DISTR TRIF 112,5KVA	11	15	DEPS	1
PATIOCEN	6	T5	-	CENTRO	156542	397974	TRANSFORMADOR DISTR TRIF 112,5KVA	11	15	DEPS MONT	1
PATIOCEN	6	T5	-	CENTRO	147274	397976	TRANSFORMADOR DISTR TRIF 75,0KVA AP	11	15	DEPS	1
PATIOCEN	6	T5	-	CENTRO	156732	397974	TRANSFORMADOR DISTR TRIF 112,5KVA	11	15	DEPS MONT	1
PATIOCEN	6	T5	-	CENTRO	123705	397974	TRANSFORMADOR DISTR TRIF 112,5KVA	11	15	DEPS	1
PATIOCEN	6	T5	-	CENTRO	166968	397001	TRANSFORMADOR DISTR TRIF 150,0KVA	11	15	DEPS	1
PATIOCEN	6	T5	-	CENTRO	172469	397974	TRANSFORMADOR DISTR TRIF 112,5KVA	11	15	DEPS	1
PATIOCEN	6	T5	-	CENTRO	158661	397973	TRANSFORMADOR DISTR TRIF 75,0KVA	11	15	DEPS	1
PATIOCEN	6	T5	-	CENTRO	137917	397973	TRANSFORMADOR DISTR TRIF 75,0KVA	11	15	DEPS	1
PATIOCEN	6	T5	-	CENTRO	168072	397972	TRANSFORMADOR DISTR TRIF 45,0KVA	11	15	DEPS	1
PATIOCEN	6	T5	-	CENTRO	175333	397972	TRANSFORMADOR DISTR TRIF 45,0KVA	11	15	DEPS	1
PATIOCEN	6	T5	-	CENTRO	155109	397143	TRANSFORMADOR DISTR TRIF 45,0KVA 6/13KV	11	15	DEPS	1
PATIOCEN	6	T5	-	CENTRO	110037	Verificar	Verificar	Verificar	Verificar	Verificar	1
PATIOCEN	6	T5	-	CENTRO	148327	397001	TRANSFORMADOR DISTR TRIF 150,0KVA	11	15	DEPS MONT	1
PATIOCEN	6	T5	-	CENTRO	173507	397973	TRANSFORMADOR DISTR TRIF 75,0KVA	11	15	DEPS	1
PATIOCEN	6	T5	-	CENTRO	158380	397973	TRANSFORMADOR DISTR TRIF 75,0KVA	11	15	DEPS	1
PATIOCEN	6	T5	-	CENTRO	166451	397974	TRANSFORMADOR DISTR TRIF 112,5KVA	11	15	DEPS	1
PATIOCEN	6	T5	-	CENTRO	169406	397001	TRANSFORMADOR DISTR TRIF 150,0KVA	11	15	DEPS	1
PATIOCEN	6	T5	-	CENTRO	157402	397974	TRANSFORMADOR DISTR TRIF 112,5KVA	11	15	DEPS MONT	1
PATIOCEN	6	T5	-	CENTRO	166883	Verificar	Verificar	Verificar	Verificar	Verificar	1
PATIOCEN	6	T5	-	CENTRO	144906	397001	TRANSFORMADOR DISTR TRIF 150,0KVA	11	15	DEPS	1
PATIOCEN	6	T5	-	CENTRO	168975	397974	TRANSFORMADOR DISTR TRIF 112,5KVA	11	15	DEPS	1
PATIOCEN	6	T5	-	CENTRO	137541	397977	TRANSFORMADOR DISTR TRIF 112,5KVA AP	11	15	DEPS	1
PATIOCEN	6	T5	-	CENTRO	160726	397972	TRANSFORMADOR DISTR TRIF 45,0KVA	11	15	DEPS MONT	1
PATIOCEN	6	T5	-	CENTRO	171664	397001	TRANSFORMADOR DISTR TRIF 150,0KVA	11	15	DEPS	1
PATIOCEN	6	T5	-	CENTRO	166914	397976	TRANSFORMADOR DISTR TRIF 75,0KVA AP	11	15	DEPS	1
PATIODIR	5	C5	-	DIREITO	-	314043	REGULADOR TENSAO MONOF 300A 25,6KV 170KV	11	15	-	1
PATIODIR	5	C5	-	DIREITO	-	314043	REGULADOR TENSAO MONOF 300A 25,6KV 170KV	11	15	-	1
PATIODIR	5	C5	-	DIREITO	152001	395038	TRANSFORMADOR FORCA TRIF 3,0MVA	11	15	DEPS	1
PATIODIR	5	C5	-	DIREITO	170996	395038	TRANSFORMADOR FORCA TRIF 3,0MVA	11	15	DEPS MONT	1
PATIODIR	5	C5	-	DIREITO	173608	395038	TRANSFORMADOR FORCA TRIF 3,0MVA	11	15	DEPS	1
PATIODIR	5	C5	-	DIREITO	145729	395038	TRANSFORMADOR FORCA TRIF 3,0MVA	11	15	DEPS	1
PATIODIR	5	C5	-	DIREITO	79968	395038	TRANSFORMADOR FORCA TRIF 3,0MVA	11	15	DEPS	1
PATIODIR	5	C5	-	DIREITO	169739	395038	TRANSFORMADOR FORCA TRIF 3,0MVA	11	15	DEPS	1
PATIODIR	5	C5	-	DIREITO	79962	395038	TRANSFORMADOR FORCA TRIF 3,0MVA	11	15	DEPS MONT	1
PATIODIR	5	C5	-	DIREITO	167724	395038	TRANSFORMADOR FORCA TRIF 3,0MVA	11	15	LIDI	1
PATIODIR	5	C5	-	DIREITO	168132	395038	TRANSFORMADOR FORCA TRIF 3,0MVA	11	15	DEPS	1
PATIODIR	5	C5	-	DIREITO	164170	395038	TRANSFORMADOR FORCA TRIF 3,0MVA	11	15	LIDI	1
PATIODIR	5	C5	-	DIREITO	168127	395038	TRANSFORMADOR FORCA TRIF 3,0MVA	11	15	LIDI	1
PATIODIR	5	C5	-	DIREITO	160831	395038	TRANSFORMADOR FORCA TRIF 3,0MVA	11	15	DEPS	1
PATIODIR	5	C5	-	DIREITO	160832	395038	TRANSFORMADOR FORCA TRIF 3,0MVA	11	15	DEPS	1
PATIODIR	5	C5	-	DIREITO	167728	395041	TRANSFORMADOR FORCA TRIF 3,0MVA	11	15	LIDI	1
PATIODIR	5	C5	-	DIREITO	145730	395038	TRANSFORMADOR FORCA TRIF 3,0MVA	11	15	LIDI	1
PATIODIR	5	C5	-	DIREITO	163444	395041	TRANSFORMADOR FORCA TRIF 3,0MVA	11	15	LIDI	1
PATIODIR	5	C5	-	DIREITO	167856	395038	TRANSFORMADOR FORCA TRIF 3,0MVA	11	15	DEPS	1
PATIODIR	5	C5	-	DIREITO	164168	395038	TRANSFORMADOR FORCA TRIF 3,0MVA	11	15	DEPS	1
PATIODIR	5	C5	-	DIREITO	168137	395038	TRANSFORMADOR FORCA TRIF 3,0MVA	11	15	DEPS	1
PATIODIR	5	C5	-	DIREITO	168144	395038	TRANSFORMADOR FORCA TRIF 3,0MVA	11	15	LIDI	1
PATIODIR	5	C5	-	DIREITO	167723	395038	TRANSFORMADOR FORCA TRIF 3,0MVA	11	15	DEPS	1
PATIODIR	5	C5	-	DIREITO	168130	395038	TRANSFORMADOR FORCA TRIF 3,0MVA	11	15	DEPS	1
PATIODIR	5	C5	-	DIREITO	170015	395038	TRANSFORMADOR FORCA TRIF 3,0MVA	11	15	DEPS	1
PATIODIR	5	C5	-	DIREITO	164171	395038	TRANSFORMADOR FORCA TRIF 3,0MVA	11	15	LIDI	1
PATIODIR	5	C5	-	DIREITO	167722	395038	TRANSFORMADOR FORCA TRIF 3,0MVA	11	15	LIDI	1
PATIODIR	5	C5	-	DIREITO	168140	395038	TRANSFORMADOR FORCA TRIF 3,0MVA	11	15	DEPS	1
PATIODIR	5	C5	-	DIREITO	151995	395038	TRANSFORMADOR FORCA TRIF 3,0MVA	11	15	DEPS	1
PATIOESQ	4	C4	-	ESQUERDO	-	374501	PROTETOR NET 1600A 30KA 216,5V ACOPLADO	11	15	-	10
PATIOESQ	4	C4	-	ESQUERDO	-	374502	PROTETOR NETWORK RED SUB3000A 60KA 216,5	11	15	-	5
PATIOESQ	4	C4	-	ESQUERDO	-	374504	PROTETOR NETWORK 1600A 30KA 380V SUBMERS	11	15	-	1
PATIOESQ	4	C4	-	ESQUERDO	-	374505	PROTETOR NET 1600A 30KA 380V CAIXA PO	11	15	-	2
PATIOESQ	4	C4	-	ESQUERDO	-	374534	PROTETOR NETWORK RED SUB1200A 30KA 216,	11	15	-	2
PATIODIR	5	C5	-	DIREITO	392006	Verificar	Verificar	Verificar	Verificar	Verificar	1
PATIODIR	5	C5	-	DIREITO	1026186	392006	CONJUNTO MEDICAO MT 34,5KV 34,5/RAIZ3/2	MED	EM05	DEPS	1
PATIODIR	5	C5	-	DIREITO	6173669	601294	MEDIDOR ELETR MULTIF 2,5A TRIF 4F 3E	MED	EM05	DEPS	1
PATIODIR	5	C5	-	DIREITO	1026206	392006	CONJUNTO MEDICAO MT 34,5KV 34,5/RAIZ3/2	MED	EM05	DEPS	1
PATIODIR	5	C5	-	DIREITO	6173689	601294	MEDIDOR ELETR MULTIF 2,5A TRIF 4F 3E	MED	EM05	DEPS	1
PATIODIR	5	C5	-	DIREITO	1026180	392006	CONJUNTO MEDICAO MT 34,5KV 34,5/RAIZ3/2	MED	EM05	DEPS	1
PATIODIR	5	C5	-	DIREITO	6173663	601294	MEDIDOR ELETR MULTIF 2,5A TRIF 4F 3E	MED	EM05	DEPS	1
PATIODIR	5	C5	-	DIREITO	1026190	392006	CONJUNTO MEDICAO MT 34,5KV 34,5/RAIZ3/2	MED	EM05	DEPS	1
PATIODIR	5	C5	-	DIREITO	6173673	601294	MEDIDOR ELETR MULTIF 2,5A TRIF 4F 3E	MED	EM05	DEPS	1
PATIODIR	5	C5	-	DIREITO	1026196	392006	CONJUNTO MEDICAO MT 34,5KV 34,5/RAIZ3/2	MED	EM05	DEPS	1
PATIODIR	5	C5	-	DIREITO	6173679	601294	MEDIDOR ELETR MULTIF 2,5A TRIF 4F 3E	MED	EM05	DEPS	1
PATIODIR	5	C5	-	DIREITO	1026197	392006	CONJUNTO MEDICAO MT 34,5KV 34,5/RAIZ3/2	MED	EM05	DEPS	1
PATIODIR	5	C5	-	DIREITO	6173680	601294	MEDIDOR ELETR MULTIF 2,5A TRIF 4F 3E	MED	EM05	DEPS	1
PATIODIR	5	C5	-	DIREITO	1026205	392006	CONJUNTO MEDICAO MT 34,5KV 34,5/RAIZ3/2	MED	EM05	DEPS	1
PATIODIR	5	C5	-	DIREITO	6173688	601294	MEDIDOR ELETR MULTIF 2,5A TRIF 4F 3E	MED	EM05	DEPS	1
PATIODIR	5	C5	-	DIREITO	1026207	392006	CONJUNTO MEDICAO MT 34,5KV 34,5/RAIZ3/2	MED	EM05	DEPS	1
PATIODIR	5	C5	-	DIREITO	6173690	601294	MEDIDOR ELETR MULTIF 2,5A TRIF 4F 3E	MED	EM05	DEPS	1
PATIODIR	5	C5	-	DIREITO	1026200	392006	CONJUNTO MEDICAO MT 34,5KV 34,5/RAIZ3/2	MED	EM05	DEPS	1
PATIODIR	5	C5	-	DIREITO	6173683	601294	MEDIDOR ELETR MULTIF 2,5A TRIF 4F 3E	MED	EM05	DEPS	1
PATIODIR	5	C5	-	DIREITO	1026203	392006	CONJUNTO MEDICAO MT 34,5KV 34,5/RAIZ3/2	MED	EM05	DEPS	1
PATIODIR	5	C5	-	DIREITO	6173686	601294	MEDIDOR ELETR MULTIF 2,5A TRIF 4F 3E	MED	EM05	DEPS	1
PATIODIR	5	C5	-	DIREITO	1026185	392006	CONJUNTO MEDICAO MT 34,5KV 34,5/RAIZ3/2	MED	EM05	DEPS	1
PATIODIR	5	C5	-	DIREITO	6173668	601294	MEDIDOR ELETR MULTIF 2,5A TRIF 4F 3E	MED	EM05	DEPS	1
PATIODIR	5	C5	-	DIREITO	1026210	392006	CONJUNTO MEDICAO MT 34,5KV 34,5/RAIZ3/2	MED	EM05	DEPS	1
PATIODIR	5	C5	-	DIREITO	6173726	601294	MEDIDOR ELETR MULTIF 2,5A TRIF 4F 3E	MED	EM05	DEPS	1
PATIODIR	5	C5	-	DIREITO	1026199	392006	CONJUNTO MEDICAO MT 34,5KV 34,5/RAIZ3/2	MED	EM05	DEPS	1
PATIODIR	5	C5	-	DIREITO	6173682	601294	MEDIDOR ELETR MULTIF 2,5A TRIF 4F 3E	MED	EM05	DEPS	1
PATIODIR	5	C5	-	DIREITO	1026204	392006	CONJUNTO MEDICAO MT 34,5KV 34,5/RAIZ3/2	MED	EM05	DEPS	1
PATIODIR	5	C5	-	DIREITO	6173687	601294	MEDIDOR ELETR MULTIF 2,5A TRIF 4F 3E	MED	EM05	DEPS	1
PATIODIR	5	C5	-	DIREITO	1026198	392006	CONJUNTO MEDICAO MT 34,5KV 34,5/RAIZ3/2	MED	EM05	DEPS	1
PATIODIR	5	C5	-	DIREITO	6173681	601294	MEDIDOR ELETR MULTIF 2,5A TRIF 4F 3E	MED	EM05	DEPS	1
PATIODIR	5	C5	-	DIREITO	1026191	392006	CONJUNTO MEDICAO MT 34,5KV 34,5/RAIZ3/2	MED	EM05	DEPS	1
PATIODIR	5	C5	-	DIREITO	6173674	601294	MEDIDOR ELETR MULTIF 2,5A TRIF 4F 3E	MED	EM05	DEPS	1
PATIOCEN	6	T5	-	CENTRO	129451	Verificar	Verificar	Verificar	Verificar	Verificar	1
PATIOCEN	6	T5	-	CENTRO	176261	397973	TRANSFORMADOR DISTR TRIF 75,0KVA	11	15	DEPS	1
PATIOCEN	6	T5	-	CENTRO	166285	397024	TRANSFORMADOR DISTR TRIF 112,5KVA AP BL	11	15	DEPS	1
PATIOCEN	6	T5	-	CENTRO	172864	397977	TRANSFORMADOR DISTR TRIF 112,5KVA AP	11	15	DEPS MONT	1
PATIOCEN	6	T5	-	CENTRO	173684	397972	TRANSFORMADOR DISTR TRIF 45,0KVA	11	15	DEPS	1
PATIOCEN	6	T5	-	CENTRO	171454	Verificar	Verificar	Verificar	Verificar	Verificar	1
PATIOCEN	6	T5	-	CENTRO	173972	397972	TRANSFORMADOR DISTR TRIF 45,0KVA	11	15	DEPS	1
PATIOCEN	6	T5	-	CENTRO	172165	397977	TRANSFORMADOR DISTR TRIF 112,5KVA AP	11	15	DEPS MONT	1
PATIOCEN	6	T5	-	CENTRO	170163	397974	TRANSFORMADOR DISTR TRIF 112,5KVA	11	15	DEPS	1
PATIOCEN	6	T5	-	CENTRO	142262	397968	TRANSFORMADOR DISTR MONOF 75,0KVA	11	15	DEPS	1
PATIOCEN	6	T5	-	CENTRO	162602	397001	TRANSFORMADOR DISTR TRIF 150,0KVA	11	15	DEPS	1
PATIOCEN	6	T5	-	CENTRO	172201	397973	TRANSFORMADOR DISTR TRIF 75,0KVA	11	15	DEPS	1
PATIOCEN	6	T5	-	CENTRO	175464	397972	TRANSFORMADOR DISTR TRIF 45,0KVA	11	15	DEPS	1
PATIOCEN	6	T5	-	CENTRO	172256	397972	TRANSFORMADOR DISTR TRIF 45,0KVA	11	15	DEPS	1
PATIOCEN	6	T5	-	CENTRO	173443	397001	TRANSFORMADOR DISTR TRIF 150,0KVA	11	15	DEPS	1
PATIOCEN	6	T5	-	CENTRO	165551	397033	TRANSFORMADOR DISTR TRIF 225KVA	11	15	DEPS	1
PATIOCEN	6	T5	-	CENTRO	160191	397976	TRANSFORMADOR DISTR TRIF 75,0KVA AP	11	15	DEPS MONT	1
PATIOCEN	6	T5	-	CENTRO	160810	397001	TRANSFORMADOR DISTR TRIF 150,0KVA	11	15	DEPS	1
PATIOCEN	6	T5	-	CENTRO	156515	397973	TRANSFORMADOR DISTR TRIF 75,0KVA	11	15	DEPS	1
PATIOCEN	6	T5	-	CENTRO	145566	397974	TRANSFORMADOR DISTR TRIF 112,5KVA	11	15	DEPS	1
PATIOCEN	6	T5	-	CENTRO	169528	397033	TRANSFORMADOR DISTR TRIF 225KVA	11	15	DEPS	1
PATIOCEN	6	T5	-	CENTRO	165937	397976	TRANSFORMADOR DISTR TRIF 75,0KVA AP	11	15	DEPS	1
PATIOCEN	6	T5	-	CENTRO	166270	397977	TRANSFORMADOR DISTR TRIF 112,5KVA AP	11	15	DEPS	1
PATIOCEN	6	T5	-	CENTRO	153600	397001	TRANSFORMADOR DISTR TRIF 150,0KVA	11	15	DEPS	1
PATIOCEN	6	T5	-	CENTRO	151227	397001	TRANSFORMADOR DISTR TRIF 150,0KVA	11	15	DEPS	1
PATIOCEN	6	T5	-	CENTRO	146347	397977	TRANSFORMADOR DISTR TRIF 112,5KVA AP	11	15	DEPS	1
PATIOCEN	6	T5	-	CENTRO	157720	397976	TRANSFORMADOR DISTR TRIF 75,0KVA AP	11	15	DEPS	1
PATIOCEN	6	T5	-	CENTRO	174584	397973	TRANSFORMADOR DISTR TRIF 75,0KVA	11	15	DEPS	1
PATIOCEN	6	T5	-	CENTRO	167511	397974	TRANSFORMADOR DISTR TRIF 112,5KVA	11	15	DEPS	1
PATIOCEN	6	T5	-	CENTRO	158294	397001	TRANSFORMADOR DISTR TRIF 150,0KVA	11	15	DEPS MONT	1
PATIOCEN	6	T5	-	CENTRO	143773	397976	TRANSFORMADOR DISTR TRIF 75,0KVA AP	11	15	DEPS	1
PATIOCEN	6	T5	-	CENTRO	169677	397001	TRANSFORMADOR DISTR TRIF 150,0KVA	11	15	DEPS	1
PATIOCEN	6	T5	-	CENTRO	146882	397974	TRANSFORMADOR DISTR TRIF 112,5KVA	11	15	DEPS	1
PATIOCEN	6	T5	-	CENTRO	175497	397972	TRANSFORMADOR DISTR TRIF 45,0KVA	11	15	DEPS	1
PATIOCEN	6	T5	-	CENTRO	155229	397973	TRANSFORMADOR DISTR TRIF 75,0KVA	11	15	DEPS	1
PATIOCEN	6	T5	-	CENTRO	163201	397001	TRANSFORMADOR DISTR TRIF 150,0KVA	11	15	DEPS	1
PATIOCEN	6	T5	-	CENTRO	148746	397974	TRANSFORMADOR DISTR TRIF 112,5KVA	11	15	DEPS	1
PATIOCEN	6	T5	-	CENTRO	163151	397977	TRANSFORMADOR DISTR TRIF 112,5KVA AP	11	15	DEPS	1
PATIOCEN	6	T5	-	CENTRO	147851	397001	TRANSFORMADOR DISTR TRIF 150,0KVA	11	15	DEPS	1
PATIOCEN	6	T5	-	CENTRO	171101	397001	TRANSFORMADOR DISTR TRIF 150,0KVA	11	15	DEPS	1
PATIOCEN	6	T5	-	CENTRO	175803	397033	TRANSFORMADOR DISTR TRIF 225KVA	11	15	DEPS	1
PATIOCEN	6	T5	-	CENTRO	139165	397974	TRANSFORMADOR DISTR TRIF 112,5KVA	11	15	DEPS	1
PATIOCEN	6	T5	-	CENTRO	169896	397001	TRANSFORMADOR DISTR TRIF 150,0KVA	11	15	DEPS	1
PATIOCEN	6	T5	-	CENTRO	137747	397001	TRANSFORMADOR DISTR TRIF 150,0KVA	11	15	DEPS	1
PATIOCEN	6	T5	-	CENTRO	113119	397974	TRANSFORMADOR DISTR TRIF 112,5KVA	11	15	DEPS	1
PATIOCEN	6	T5	-	CENTRO	166143	397977	TRANSFORMADOR DISTR TRIF 112,5KVA AP	11	15	DEPS MONT	1
PATIOCEN	6	T5	-	CENTRO	175228	397972	TRANSFORMADOR DISTR TRIF 45,0KVA	11	15	DEPS MONT	1
PATIOCEN	6	T5	-	CENTRO	173334	397977	TRANSFORMADOR DISTR TRIF 112,5KVA AP	11	15	DEPS	1
PATIOCEN	6	T5	-	CENTRO	171106	397001	TRANSFORMADOR DISTR TRIF 150,0KVA	11	15	DEPS	1
PATIOCEN	6	T5	-	CENTRO	139862	397001	TRANSFORMADOR DISTR TRIF 150,0KVA	11	15	DEPS	1
PATIOCEN	6	T5	-	CENTRO	169666	397001	TRANSFORMADOR DISTR TRIF 150,0KVA	11	15	DEPS	1
PATIOCEN	6	T5	-	CENTRO	137741	397001	TRANSFORMADOR DISTR TRIF 150,0KVA	11	15	DEPS	1
PATIOCEN	6	T5	-	CENTRO	163777	397977	TRANSFORMADOR DISTR TRIF 112,5KVA AP	11	15	DEPS	1
PATIOCEN	6	T5	-	CENTRO	172504	397976	TRANSFORMADOR DISTR TRIF 75,0KVA AP	11	15	DEPS	1
PATIOCEN	6	T5	-	CENTRO	150755	397977	TRANSFORMADOR DISTR TRIF 112,5KVA AP	11	15	DEPS	1
PATIOCEN	6	T5	-	CENTRO	142245	397001	TRANSFORMADOR DISTR TRIF 150,0KVA	11	15	DEPS	1
PATIOCEN	6	T5	-	CENTRO	169041	397974	TRANSFORMADOR DISTR TRIF 112,5KVA	11	15	DEPS	1
PATIOCEN	6	T5	-	CENTRO	140929	397974	TRANSFORMADOR DISTR TRIF 112,5KVA	11	15	DEPS	1
PATIOCEN	6	T5	-	CENTRO	170004	397033	TRANSFORMADOR DISTR TRIF 225KVA	11	15	DEPS	1
PATIOCEN	6	T5	-	CENTRO	163795	397977	TRANSFORMADOR DISTR TRIF 112,5KVA AP	11	15	DEPS	1
PATIOCEN	6	T5	-	CENTRO	158511	397973	TRANSFORMADOR DISTR TRIF 75,0KVA	11	15	DEPS MONT	1
PATIOCEN	6	T5	-	CENTRO	158841	397974	TRANSFORMADOR DISTR TRIF 112,5KVA	11	15	DEPS	1
PATIOCEN	6	T5	-	CENTRO	157860	397033	TRANSFORMADOR DISTR TRIF 225KVA	11	15	DEPS	1
PATIOCEN	6	T5	-	CENTRO	153928	397973	TRANSFORMADOR DISTR TRIF 75,0KVA	11	15	DEPS	1
PATIOCEN	6	T5	-	CENTRO	135661	397973	TRANSFORMADOR DISTR TRIF 75,0KVA	11	15	DEPS	1
PATIOCEN	6	T5	-	CENTRO	172494	397974	TRANSFORMADOR DISTR TRIF 112,5KVA	11	15	DEPS	1
PATIOCEN	6	T5	-	CENTRO	174374	397974	TRANSFORMADOR DISTR TRIF 112,5KVA	11	15	DEPS	1
PATIOCEN	6	T5	-	CENTRO	151172	397977	TRANSFORMADOR DISTR TRIF 112,5KVA AP	11	15	DEPS	1
PATIOCEN	6	T5	-	CENTRO	175369	397972	TRANSFORMADOR DISTR TRIF 45,0KVA	11	15	DEPS	1
PATIOCEN	6	T5	-	CENTRO	162065	397001	TRANSFORMADOR DISTR TRIF 150,0KVA	11	15	DEPS MONT	1
PATIOCEN	6	T5	-	CENTRO	172206	397973	TRANSFORMADOR DISTR TRIF 75,0KVA	11	15	DEPS MONT	1
PATIOCEN	6	T5	-	CENTRO	166066	397973	TRANSFORMADOR DISTR TRIF 75,0KVA	11	15	DEPS MONT	1
PATIOCEN	6	T5	-	CENTRO	166367	397972	TRANSFORMADOR DISTR TRIF 45,0KVA	11	15	DEPS	1
PATIOCEN	6	T5	-	CENTRO	146871	397974	TRANSFORMADOR DISTR TRIF 112,5KVA	11	15	DEPS	1
PATIOCEN	6	T5	-	CENTRO	152418	397977	TRANSFORMADOR DISTR TRIF 112,5KVA AP	11	15	DEPS MONT	1
PATIOCEN	6	T5	-	CENTRO	151553	397973	TRANSFORMADOR DISTR TRIF 75,0KVA	11	15	DEPS	1
PATIOCEN	6	T5	-	CENTRO	154465	397977	TRANSFORMADOR DISTR TRIF 112,5KVA AP	11	15	DEPS MONT	1
PATIOCEN	6	T5	-	CENTRO	165196	397033	TRANSFORMADOR DISTR TRIF 225KVA	11	15	DEPS	1
PATIOCEN	6	T5	-	CENTRO	161781	397001	TRANSFORMADOR DISTR TRIF 150,0KVA	11	15	DEPS	1
PATIOCEN	6	T5	-	CENTRO	153953	397973	TRANSFORMADOR DISTR TRIF 75,0KVA	11	15	DEPS	1
PATIOCEN	6	T5	-	CENTRO	163739	397973	TRANSFORMADOR DISTR TRIF 75,0KVA	11	15	DEPS	1
PATIOCEN	6	T5	-	CENTRO	174236	397976	TRANSFORMADOR DISTR TRIF 75,0KVA AP	11	15	DEPS	1
PATIOCEN	6	T5	-	CENTRO	169900	397001	TRANSFORMADOR DISTR TRIF 150,0KVA	11	15	DEPS	1
PATIOCEN	6	T5	-	CENTRO	151458	397143	TRANSFORMADOR DISTR TRIF 45,0KVA 6/13KV	11	15	DEPS	1
PATIOCEN	6	T5	-	CENTRO	140084	397972	TRANSFORMADOR DISTR TRIF 45,0KVA	11	15	DEPS	1
PATIOCEN	6	T5	-	CENTRO	172444	397973	TRANSFORMADOR DISTR TRIF 75,0KVA	11	15	DEPS	1
PATIOCEN	6	T5	-	CENTRO	171373	397974	TRANSFORMADOR DISTR TRIF 112,5KVA	11	15	DEPS	1
PATIOCEN	6	T5	-	CENTRO	171243	397973	TRANSFORMADOR DISTR TRIF 75,0KVA	11	15	DEPS	1
PATIOCEN	6	T5	-	CENTRO	147521	397001	TRANSFORMADOR DISTR TRIF 150,0KVA	11	15	DEPS MONT	1
PATIOCEN	6	T5	-	CENTRO	122437	397974	TRANSFORMADOR DISTR TRIF 112,5KVA	11	15	DEPS	1
PATIOCEN	6	T5	-	CENTRO	149426	397001	TRANSFORMADOR DISTR TRIF 150,0KVA	11	15	DEPS	1
PATIOCEN	6	T5	-	CENTRO	158737	397974	TRANSFORMADOR DISTR TRIF 112,5KVA	11	15	DEPS	1
PATIOCEN	6	T5	-	CENTRO	150082	397001	TRANSFORMADOR DISTR TRIF 150,0KVA	11	15	DEPS MONT	1
PATIOCEN	6	T5	-	CENTRO	138664	397974	TRANSFORMADOR DISTR TRIF 112,5KVA	11	15	DEPS	1
PATIOCEN	6	T5	-	CENTRO	137491	397976	TRANSFORMADOR DISTR TRIF 75,0KVA AP	11	15	DEPS MONT	1
PATIOCEN	6	T5	-	CENTRO	166895	397974	TRANSFORMADOR DISTR TRIF 112,5KVA	11	15	DEPS	1
PATIOCEN	6	T5	-	CENTRO	139851	397001	TRANSFORMADOR DISTR TRIF 150,0KVA	11	15	DEPS	1
PATIOCEN	6	T5	-	CENTRO	137498	397976	TRANSFORMADOR DISTR TRIF 75,0KVA AP	11	15	DEPS MONT	1
PATIOCEN	6	T5	-	CENTRO	165541	397033	TRANSFORMADOR DISTR TRIF 225KVA	11	15	DEPS MONT	1
PATIOCEN	6	T5	-	CENTRO	170457	397001	TRANSFORMADOR DISTR TRIF 150,0KVA	11	15	DEPS MONT	1
PATIOCEN	6	T5	-	CENTRO	168301	397001	TRANSFORMADOR DISTR TRIF 150,0KVA	11	15	DEPS	1
PATIOCEN	6	T5	-	CENTRO	151925	397001	TRANSFORMADOR DISTR TRIF 150,0KVA	11	15	DEPS	1
PATIOCEN	6	T5	-	CENTRO	172119	397974	TRANSFORMADOR DISTR TRIF 112,5KVA	11	15	DEPS	1
PATIOCEN	6	T5	-	CENTRO	160779	397974	TRANSFORMADOR DISTR TRIF 112,5KVA	11	15	DEPS	1
PATIOCEN	6	T5	-	CENTRO	170430	397001	TRANSFORMADOR DISTR TRIF 150,0KVA	11	15	DEPS	1
PATIOCEN	6	T5	-	CENTRO	160148	397974	TRANSFORMADOR DISTR TRIF 112,5KVA	11	15	DEPS	1
PATIOCEN	6	T5	-	CENTRO	137158	397973	TRANSFORMADOR DISTR TRIF 75,0KVA	11	15	DEPS	1
PATIOCEN	6	T5	-	CENTRO	171195	397001	TRANSFORMADOR DISTR TRIF 150,0KVA	11	15	DEPS	1
PATIOCEN	6	T5	-	CENTRO	174792	397977	TRANSFORMADOR DISTR TRIF 112,5KVA AP	11	15	DEPS MONT	1
PATIOCEN	6	T5	-	CENTRO	160262	397001	TRANSFORMADOR DISTR TRIF 150,0KVA	11	15	DEPS MONT	1
PATIOCEN	6	T5	-	CENTRO	143142	397001	TRANSFORMADOR DISTR TRIF 150,0KVA	11	15	DEPS	1
PATIOCEN	6	T5	-	CENTRO	154577	397001	TRANSFORMADOR DISTR TRIF 150,0KVA	11	15	DEPS MONT	1
PATIOCEN	6	T5	-	CENTRO	174785	397977	TRANSFORMADOR DISTR TRIF 112,5KVA AP	11	15	DEPS MONT	1
PATIOCEN	6	T5	-	CENTRO	161711	397001	TRANSFORMADOR DISTR TRIF 150,0KVA	11	15	DEPS	1
PATIOCEN	6	T5	-	CENTRO	139320	397001	TRANSFORMADOR DISTR TRIF 150,0KVA	11	15	DEPS	1
PATIOCEN	6	T5	-	CENTRO	162504	397977	TRANSFORMADOR DISTR TRIF 112,5KVA AP	11	15	DEPS	1
PATIOCEN	6	T5	-	CENTRO	143560	397001	TRANSFORMADOR DISTR TRIF 150,0KVA	11	15	DEPS	1
PATIOCEN	6	T5	-	CENTRO	144304	397001	TRANSFORMADOR DISTR TRIF 150,0KVA	11	15	DEPS	1
PATIOCEN	6	T5	-	CENTRO	173893	397974	TRANSFORMADOR DISTR TRIF 112,5KVA	11	15	DEPS	1
PATIOCEN	6	T5	-	CENTRO	174664	397001	TRANSFORMADOR DISTR TRIF 150,0KVA	11	15	DEPS	1
PATIOCEN	6	T5	-	CENTRO	143750	397974	TRANSFORMADOR DISTR TRIF 112,5KVA	11	15	DEPS MONT	1
PATIOCEN	6	T5	-	CENTRO	175580	397973	TRANSFORMADOR DISTR TRIF 75,0KVA	11	15	DEPS	1
PATIOCEN	6	T5	-	CENTRO	172726	397977	TRANSFORMADOR DISTR TRIF 112,5KVA AP	11	15	DEPS MONT	1
PATIOCEN	6	T5	-	CENTRO	162537	397977	TRANSFORMADOR DISTR TRIF 112,5KVA AP	11	15	DEPS	1
PATIOCEN	6	T5	-	CENTRO	154579	397001	TRANSFORMADOR DISTR TRIF 150,0KVA	11	15	DEPS	1
PATIOCEN	6	T5	-	CENTRO	174314	397972	TRANSFORMADOR DISTR TRIF 45,0KVA	11	15	DEPS	1
PATIOCEN	6	T5	-	CENTRO	175481	397972	TRANSFORMADOR DISTR TRIF 45,0KVA	11	15	DEPS	1
PATIOCEN	6	T5	-	CENTRO	157575	397977	TRANSFORMADOR DISTR TRIF 112,5KVA AP	11	15	DEPS	1
PATIOCEN	6	T5	-	CENTRO	146201	397977	TRANSFORMADOR DISTR TRIF 112,5KVA AP	11	15	DEPS	1
PATIOCEN	6	T5	-	CENTRO	151605	397977	TRANSFORMADOR DISTR TRIF 112,5KVA AP	11	15	DEPS	1
PATIOCEN	6	T5	-	CENTRO	152216	397977	TRANSFORMADOR DISTR TRIF 112,5KVA AP	11	15	DEPS	1
PATIOCEN	6	T5	-	CENTRO	154743	397001	TRANSFORMADOR DISTR TRIF 150,0KVA	11	15	DEPS	1
PATIOCEN	6	T5	-	CENTRO	165758	397134	TRANSFORMADOR DISTR TRIF 300KVA	11	15	DEPS	1
PATIOCEN	6	T5	-	CENTRO	150388	397977	TRANSFORMADOR DISTR TRIF 112,5KVA AP	11	15	DEPS	1
PATIOCEN	6	T5	-	CENTRO	146670	397001	TRANSFORMADOR DISTR TRIF 150,0KVA	11	15	DEPS MONT	1
PATIOCEN	6	T5	-	CENTRO	143007	397974	TRANSFORMADOR DISTR TRIF 112,5KVA	11	15	DEPS	1
PATIOCEN	6	T5	-	CENTRO	142828	397001	TRANSFORMADOR DISTR TRIF 150,0KVA	11	15	DEPS	1
PATIOCEN	6	T5	-	CENTRO	158900	397977	TRANSFORMADOR DISTR TRIF 112,5KVA AP	11	15	DEPS	1
PATIOCEN	6	T5	-	CENTRO	169916	397001	TRANSFORMADOR DISTR TRIF 150,0KVA	11	15	DEPS	1
PATIOCEN	6	T5	-	CENTRO	169035	397974	TRANSFORMADOR DISTR TRIF 112,5KVA	11	15	DEPS	1
PATIOCEN	6	T5	-	CENTRO	158908	397977	TRANSFORMADOR DISTR TRIF 112,5KVA AP	11	15	DEPS	1
PATIOCEN	6	T5	-	CENTRO	175174	397022	TRANSFORMADOR DISTR TRIF 45,0KVA AP BL	11	15	DEPS	1
PATIOCEN	6	T5	-	CENTRO	143483	397001	TRANSFORMADOR DISTR TRIF 150,0KVA	11	15	DEPS	1
PATIOCEN	6	T5	-	CENTRO	166304	397145	TRANSFORMADOR DISTR TRIF 112,5KVA 6/13KV	11	15	DEPS	1
PATIOCEN	6	T5	-	CENTRO	146334	397977	TRANSFORMADOR DISTR TRIF 112,5KVA AP	11	15	DEPS	1
PATIOCEN	6	T5	-	CENTRO	175640	397977	TRANSFORMADOR DISTR TRIF 112,5KVA AP	11	15	DEPS	1
PATIOCEN	6	T5	-	CENTRO	175400	397972	TRANSFORMADOR DISTR TRIF 45,0KVA	11	15	DEPS	1
PATIOCEN	6	T5	-	CENTRO	144236	397977	TRANSFORMADOR DISTR TRIF 112,5KVA AP	11	15	DEPS	1
PATIOCEN	6	T5	-	CENTRO	174140	397001	TRANSFORMADOR DISTR TRIF 150,0KVA	11	15	DEPS	1
PATIOCEN	6	T5	-	CENTRO	171396	397974	TRANSFORMADOR DISTR TRIF 112,5KVA	11	15	DEPS	1
PATIOCEN	6	T5	-	CENTRO	175112	397974	TRANSFORMADOR DISTR TRIF 112,5KVA	11	15	DEPS	1
PATIOCEN	6	T5	-	CENTRO	168324	397001	TRANSFORMADOR DISTR TRIF 150,0KVA	11	15	DEPS	1
PATIOCEN	6	T5	-	CENTRO	142719	397974	TRANSFORMADOR DISTR TRIF 112,5KVA	11	15	DEPS	1
PATIOCEN	6	T5	-	CENTRO	164355	397972	TRANSFORMADOR DISTR TRIF 45,0KVA	11	15	DEPS	1
PATIOCEN	6	T5	-	CENTRO	151276	397001	TRANSFORMADOR DISTR TRIF 150,0KVA	11	15	DEPS	1
PATIOCEN	6	T5	-	CENTRO	170306	397976	TRANSFORMADOR DISTR TRIF 75,0KVA AP	11	15	DEPS MONT	1
PATIOCEN	6	T5	-	CENTRO	142655	397974	TRANSFORMADOR DISTR TRIF 112,5KVA	11	15	DEPS	1
PATIOCEN	6	T5	-	CENTRO	169983	397977	TRANSFORMADOR DISTR TRIF 112,5KVA AP	11	15	DEPS	1
PATIOCEN	6	T5	-	CENTRO	173997	397973	TRANSFORMADOR DISTR TRIF 75,0KVA	11	15	DEPS MONT	1
PATIOCEN	6	T5	-	CENTRO	147937	397974	TRANSFORMADOR DISTR TRIF 112,5KVA	11	15	DEPS MONT	1
PATIOCEN	6	T5	-	CENTRO	132926	397972	TRANSFORMADOR DISTR TRIF 45,0KVA	11	15	DEPS	1
PATIOCEN	6	T5	-	CENTRO	171263	397972	TRANSFORMADOR DISTR TRIF 45,0KVA	11	15	DEPS	1
PATIOCEN	6	T5	-	CENTRO	131746	397001	TRANSFORMADOR DISTR TRIF 150,0KVA	11	15	DEPS MONT	1
PATIOCEN	6	T5	-	CENTRO	171953	397974	TRANSFORMADOR DISTR TRIF 112,5KVA	11	15	DEPS	1
PATIOCEN	6	T5	-	CENTRO	159860	397001	TRANSFORMADOR DISTR TRIF 150,0KVA	11	15	DEPS	1
PATIOCEN	6	T5	-	CENTRO	162068	397001	TRANSFORMADOR DISTR TRIF 150,0KVA	11	15	DEPS	1
PATIOCEN	6	T5	-	CENTRO	165592	397033	TRANSFORMADOR DISTR TRIF 225KVA	11	15	DEPS	1
PATIOCEN	6	T5	-	CENTRO	127351	397001	TRANSFORMADOR DISTR TRIF 150,0KVA	11	15	DEPS	1
PATIOCEN	6	T5	-	CENTRO	168791	397033	TRANSFORMADOR DISTR TRIF 225KVA	11	15	DEPS MONT	1
PATIOCEN	6	T5	-	CENTRO	157636	397974	TRANSFORMADOR DISTR TRIF 112,5KVA	11	15	DEPS	1
PATIOCEN	6	T5	-	CENTRO	137466	397974	TRANSFORMADOR DISTR TRIF 112,5KVA	11	15	DEPS	1
PATIOCEN	6	T5	-	CENTRO	120143	397971	TRANSFORMADOR DISTR TRIF 30,0KVA	11	15	DEPS	1
PATIOCEN	6	T5	-	CENTRO	158630	397972	TRANSFORMADOR DISTR TRIF 45,0KVA	11	15	DEPS MONT	1
PATIOCEN	6	T5	-	CENTRO	173725	397971	TRANSFORMADOR DISTR TRIF 30,0KVA	11	15	DEPS	1
PATIOCEN	6	T5	-	CENTRO	151541	397969	TRANSFORMADOR DISTR MONOF 100,0KVA	11	15	DEPS	1
PATIOCEN	6	T5	-	CENTRO	151580	397974	TRANSFORMADOR DISTR TRIF 112,5KVA	11	15	DEPS	1
PATIOCEN	6	T5	-	CENTRO	143706	397974	TRANSFORMADOR DISTR TRIF 112,5KVA	11	15	DEPS	1
PATIOCEN	6	T5	-	CENTRO	133931	397972	TRANSFORMADOR DISTR TRIF 45,0KVA	11	15	DEPS	1
PATIOCEN	6	T5	-	CENTRO	156615	397970	TRANSFORMADOR DISTR TRIF 15KVA	11	15	DEPS	1
PATIOCEN	6	T5	-	CENTRO	141796	Verificar	Verificar	Verificar	Verificar	Verificar	1
PATIOCEN	6	T5	-	CENTRO	151234	397001	TRANSFORMADOR DISTR TRIF 150,0KVA	11	15	DEPS	1
PATIOCEN	6	T5	-	CENTRO	143448	397977	TRANSFORMADOR DISTR TRIF 112,5KVA AP	11	15	DEPS	1
PATIOCEN	6	T5	-	CENTRO	153914	Verificar	Verificar	Verificar	Verificar	Verificar	1
PATIOCEN	6	T5	-	CENTRO	138221	Verificar	Verificar	Verificar	Verificar	Verificar	1
PATIOCEN	6	T5	-	CENTRO	172002	397134	TRANSFORMADOR DISTR TRIF 300KVA	11	15	DEPS	1
PATIOCEN	6	T5	-	CENTRO	158758	397974	TRANSFORMADOR DISTR TRIF 112,5KVA	11	15	DEPS	1
PATIOCEN	6	T5	-	CENTRO	149524	397001	TRANSFORMADOR DISTR TRIF 150,0KVA	11	15	DEPS MONT	1
PATIOCEN	6	T5	-	CENTRO	149668	397973	TRANSFORMADOR DISTR TRIF 75,0KVA	11	15	DEPS	1
PATIOCEN	6	T5	-	CENTRO	137394	397974	TRANSFORMADOR DISTR TRIF 112,5KVA	11	15	DEPS MONT	1
PATIOCEN	6	T5	-	CENTRO	144893	397977	TRANSFORMADOR DISTR TRIF 112,5KVA AP	11	15	DEPS	1
PATIOCEN	6	T5	-	CENTRO	45398	395038	TRANSFORMADOR FORCA TRIF 3,0MVA	11	15	DEPS	1
PATIOCEN	6	T5	-	CENTRO	163445	395041	TRANSFORMADOR FORCA TRIF 3,0MVA	11	15	DEPS	1
PATIODIR	6	T5	-	DIREITO	-	356501	SECCIONALIZADOR AUTOM 15,0KV 200A	11	15	-	241
PATIOCEN	6	T5	-	CENTRO	-	999002	SUCATA CONJ MEDICAO ENCAPSULADO	11	15	-	193
PATIOBAIA	7	PB	-	BAIA	-	999112	SUCATA CHAVE A GAS SF6 DE 1, 3 E 4 VIAS	11	15	-	1925